,ACC,Algorithm,F1score,F2score,FPR,MCC,model_index,parameters,FNR,FNR_Leak,FNR_Clog,balanced_ACC
58,0.7279120879120881,RF,0.7527400061239071,0.7248185531863045,0.244,0.4753754039747886,59,"{'n_estimators': 200, 'criterion': 'entropy', 'min_samples_split': 20, 'bootstrap': True, 'max_depth': 10}",0.28833333333333333,0.0,0.28833333333333333,0.7338333333333332
18,0.7279120879120881,RF,0.7527400061239071,0.7248185531863045,0.244,0.4753754039747886,19,"{'n_estimators': 200, 'criterion': 'entropy', 'min_samples_split': 20, 'bootstrap': True, 'max_depth': 5}",0.28833333333333333,0.0,0.28833333333333333,0.7338333333333332
78,0.7279120879120881,RF,0.7527400061239071,0.7248185531863045,0.244,0.4753754039747886,79,"{'n_estimators': 200, 'criterion': 'entropy', 'min_samples_split': 20, 'bootstrap': True, 'max_depth': 20}",0.28833333333333333,0.0,0.28833333333333333,0.7338333333333332
38,0.7279120879120881,RF,0.7527400061239071,0.7248185531863045,0.244,0.4753754039747886,39,"{'n_estimators': 200, 'criterion': 'entropy', 'min_samples_split': 20, 'bootstrap': True, 'max_depth': 8}",0.28833333333333333,0.0,0.28833333333333333,0.7338333333333332
98,0.7250549450549453,RF,0.750707326385345,0.7238508418782643,0.252,0.4667882211779165,99,"{'n_estimators': 500, 'criterion': 'entropy', 'min_samples_split': 20, 'bootstrap': True, 'max_depth': 5}",0.2888888888888889,0.0,0.2888888888888889,0.7295555555555555
138,0.7250549450549453,RF,0.750707326385345,0.7238508418782643,0.252,0.4667882211779165,139,"{'n_estimators': 500, 'criterion': 'entropy', 'min_samples_split': 20, 'bootstrap': True, 'max_depth': 10}",0.2888888888888889,0.0,0.2888888888888889,0.7295555555555555
158,0.7250549450549453,RF,0.750707326385345,0.7238508418782643,0.252,0.4667882211779165,159,"{'n_estimators': 500, 'criterion': 'entropy', 'min_samples_split': 20, 'bootstrap': True, 'max_depth': 20}",0.2888888888888889,0.0,0.2888888888888889,0.7295555555555555
118,0.7250549450549453,RF,0.750707326385345,0.7238508418782643,0.252,0.4667882211779165,119,"{'n_estimators': 500, 'criterion': 'entropy', 'min_samples_split': 20, 'bootstrap': True, 'max_depth': 8}",0.2888888888888889,0.0,0.2888888888888889,0.7295555555555555
88,0.724835164835165,RF,0.7515157199181967,0.726790632145732,0.26,0.4647434643019476,89,"{'n_estimators': 500, 'criterion': 'gini', 'min_samples_split': 20, 'bootstrap': True, 'max_depth': 5}",0.28444444444444444,0.0,0.28444444444444444,0.7277777777777777
108,0.724835164835165,RF,0.7515157199181967,0.726790632145732,0.26,0.4647434643019476,109,"{'n_estimators': 500, 'criterion': 'gini', 'min_samples_split': 20, 'bootstrap': True, 'max_depth': 8}",0.28444444444444444,0.0,0.28444444444444444,0.7277777777777777
148,0.724835164835165,RF,0.7515157199181967,0.726790632145732,0.26,0.4647434643019476,149,"{'n_estimators': 500, 'criterion': 'gini', 'min_samples_split': 20, 'bootstrap': True, 'max_depth': 20}",0.28444444444444444,0.0,0.28444444444444444,0.7277777777777777
128,0.724835164835165,RF,0.7515157199181967,0.726790632145732,0.26,0.4647434643019476,129,"{'n_estimators': 500, 'criterion': 'gini', 'min_samples_split': 20, 'bootstrap': True, 'max_depth': 10}",0.28444444444444444,0.0,0.28444444444444444,0.7277777777777777
56,0.7283516483516483,RF,0.7614708112664771,0.7435238212945043,0.2813333333333333,0.46090928501900336,57,"{'n_estimators': 200, 'criterion': 'entropy', 'min_samples_split': 15, 'bootstrap': True, 'max_depth': 10}",0.2638888888888889,0.0,0.2638888888888889,0.727388888888889
76,0.7283516483516483,RF,0.7614708112664771,0.7435238212945043,0.2813333333333333,0.46090928501900336,77,"{'n_estimators': 200, 'criterion': 'entropy', 'min_samples_split': 15, 'bootstrap': True, 'max_depth': 20}",0.2638888888888889,0.0,0.2638888888888889,0.727388888888889
36,0.7283516483516483,RF,0.7614708112664771,0.7435238212945043,0.2813333333333333,0.46090928501900336,37,"{'n_estimators': 200, 'criterion': 'entropy', 'min_samples_split': 15, 'bootstrap': True, 'max_depth': 8}",0.2638888888888889,0.0,0.2638888888888889,0.727388888888889
136,0.725054945054945,RF,0.7563991577737709,0.7375217530243289,0.2813333333333334,0.45978851892482353,137,"{'n_estimators': 500, 'criterion': 'entropy', 'min_samples_split': 15, 'bootstrap': True, 'max_depth': 10}",0.26944444444444443,0.0,0.26944444444444443,0.7246111111111111
116,0.725054945054945,RF,0.7563991577737709,0.7375217530243289,0.2813333333333334,0.45978851892482353,117,"{'n_estimators': 500, 'criterion': 'entropy', 'min_samples_split': 15, 'bootstrap': True, 'max_depth': 8}",0.26944444444444443,0.0,0.26944444444444443,0.7246111111111111
156,0.725054945054945,RF,0.7563991577737709,0.7375217530243289,0.2813333333333334,0.45978851892482353,157,"{'n_estimators': 500, 'criterion': 'entropy', 'min_samples_split': 15, 'bootstrap': True, 'max_depth': 20}",0.26944444444444443,0.0,0.26944444444444443,0.7246111111111111
80,0.7340659340659341,RF,0.7758873427913676,0.7701184065837552,0.31866666666666665,0.45876495722702626,81,"{'n_estimators': 500, 'criterion': 'gini', 'min_samples_split': 2, 'bootstrap': True, 'max_depth': 5}",0.23,0.0,0.23,0.7256666666666667
16,0.7252747252747254,RF,0.7573682471639128,0.7387190164896995,0.2813333333333333,0.45699113608679254,17,"{'n_estimators': 200, 'criterion': 'entropy', 'min_samples_split': 15, 'bootstrap': True, 'max_depth': 5}",0.2688888888888889,0.0,0.2688888888888889,0.7248888888888889
96,0.7219780219780221,RF,0.7522965936712067,0.732716948219524,0.2813333333333334,0.4558703699926127,97,"{'n_estimators': 500, 'criterion': 'entropy', 'min_samples_split': 15, 'bootstrap': True, 'max_depth': 5}",0.27444444444444444,0.0,0.27444444444444444,0.722111111111111
134,0.7279120879120881,RF,0.767271958175983,0.7572285936939422,0.3106666666666667,0.4528253540172908,135,"{'n_estimators': 500, 'criterion': 'entropy', 'min_samples_split': 10, 'bootstrap': True, 'max_depth': 10}",0.245,0.0,0.245,0.7221666666666667
154,0.7279120879120881,RF,0.767271958175983,0.7572285936939422,0.3106666666666667,0.4528253540172908,155,"{'n_estimators': 500, 'criterion': 'entropy', 'min_samples_split': 10, 'bootstrap': True, 'max_depth': 20}",0.245,0.0,0.245,0.7221666666666667
114,0.7279120879120881,RF,0.767271958175983,0.7572285936939422,0.3106666666666667,0.4528253540172908,115,"{'n_estimators': 500, 'criterion': 'entropy', 'min_samples_split': 10, 'bootstrap': True, 'max_depth': 8}",0.245,0.0,0.245,0.7221666666666667
14,0.7252747252747254,RF,0.7630082861754688,0.7500766184164632,0.304,0.4514442589179521,15,"{'n_estimators': 200, 'criterion': 'entropy', 'min_samples_split': 10, 'bootstrap': True, 'max_depth': 5}",0.2538888888888889,0.0,0.2538888888888889,0.7210555555555556
82,0.7281318681318681,RF,0.7685027274067522,0.7609707974361462,0.31866666666666665,0.44932273098213216,83,"{'n_estimators': 500, 'criterion': 'gini', 'min_samples_split': 5, 'bootstrap': True, 'max_depth': 5}",0.24,0.0,0.24,0.7206666666666667
94,0.725054945054945,RF,0.7638433867474116,0.7530474090249529,0.3106666666666667,0.4492276872647969,95,"{'n_estimators': 500, 'criterion': 'entropy', 'min_samples_split': 10, 'bootstrap': True, 'max_depth': 5}",0.24944444444444444,0.0,0.24944444444444444,0.7199444444444444
24,0.7250549450549453,RF,0.763984765836159,0.7559110506986633,0.31733333333333336,0.448584050652283,25,"{'n_estimators': 200, 'criterion': 'gini', 'min_samples_split': 10, 'bootstrap': True, 'max_depth': 8}",0.245,0.0,0.245,0.7188333333333334
44,0.7250549450549453,RF,0.763984765836159,0.7559110506986633,0.31733333333333336,0.448584050652283,45,"{'n_estimators': 200, 'criterion': 'gini', 'min_samples_split': 10, 'bootstrap': True, 'max_depth': 10}",0.245,0.0,0.245,0.7188333333333334
64,0.7250549450549453,RF,0.763984765836159,0.7559110506986633,0.31733333333333336,0.448584050652283,65,"{'n_estimators': 200, 'criterion': 'gini', 'min_samples_split': 10, 'bootstrap': True, 'max_depth': 20}",0.245,0.0,0.245,0.7188333333333334
28,0.7160439560439561,RF,0.7440798754049528,0.7182076708437148,0.26666666666666666,0.44850823818398383,29,"{'n_estimators': 200, 'criterion': 'gini', 'min_samples_split': 20, 'bootstrap': True, 'max_depth': 8}",0.29333333333333333,0.0,0.29333333333333333,0.72
8,0.7160439560439561,RF,0.7440798754049528,0.7182076708437148,0.26666666666666666,0.44850823818398383,9,"{'n_estimators': 200, 'criterion': 'gini', 'min_samples_split': 20, 'bootstrap': True, 'max_depth': 5}",0.29333333333333333,0.0,0.29333333333333333,0.72
68,0.7160439560439561,RF,0.7440798754049528,0.7182076708437148,0.26666666666666666,0.44850823818398383,69,"{'n_estimators': 200, 'criterion': 'gini', 'min_samples_split': 20, 'bootstrap': True, 'max_depth': 20}",0.29333333333333333,0.0,0.29333333333333333,0.72
48,0.7160439560439561,RF,0.7440798754049528,0.7182076708437148,0.26666666666666666,0.44850823818398383,49,"{'n_estimators': 200, 'criterion': 'gini', 'min_samples_split': 20, 'bootstrap': True, 'max_depth': 10}",0.29333333333333333,0.0,0.29333333333333333,0.72
144,0.725054945054945,RF,0.762948177381614,0.7526361964186182,0.31066666666666665,0.4471789819694924,145,"{'n_estimators': 500, 'criterion': 'gini', 'min_samples_split': 10, 'bootstrap': True, 'max_depth': 20}",0.25,0.0,0.25,0.7196666666666667
124,0.725054945054945,RF,0.762948177381614,0.7526361964186182,0.31066666666666665,0.4471789819694924,125,"{'n_estimators': 500, 'criterion': 'gini', 'min_samples_split': 10, 'bootstrap': True, 'max_depth': 10}",0.25,0.0,0.25,0.7196666666666667
84,0.725054945054945,RF,0.762948177381614,0.7526361964186182,0.31066666666666665,0.4471789819694924,85,"{'n_estimators': 500, 'criterion': 'gini', 'min_samples_split': 10, 'bootstrap': True, 'max_depth': 5}",0.25,0.0,0.25,0.7196666666666667
104,0.725054945054945,RF,0.762948177381614,0.7526361964186182,0.31066666666666665,0.4471789819694924,105,"{'n_estimators': 500, 'criterion': 'gini', 'min_samples_split': 10, 'bootstrap': True, 'max_depth': 8}",0.25,0.0,0.25,0.7196666666666667
0,0.7252747252747254,RF,0.7660301999342248,0.7574970696557639,0.31866666666666665,0.4462934393845086,1,"{'n_estimators': 200, 'criterion': 'gini', 'min_samples_split': 2, 'bootstrap': True, 'max_depth': 5}",0.2438888888888889,0.0,0.2438888888888889,0.7187222222222222
122,0.7283516483516483,RF,0.7721112358573659,0.7686706958911933,0.33333333333333337,0.44516487263673526,123,"{'n_estimators': 500, 'criterion': 'gini', 'min_samples_split': 5, 'bootstrap': True, 'max_depth': 10}",0.23,0.0,0.23,0.7183333333333332
142,0.7283516483516483,RF,0.7721112358573659,0.7686706958911933,0.33333333333333337,0.44516487263673526,143,"{'n_estimators': 500, 'criterion': 'gini', 'min_samples_split': 5, 'bootstrap': True, 'max_depth': 20}",0.23,0.0,0.23,0.7183333333333332
102,0.7283516483516483,RF,0.7721112358573659,0.7686706958911933,0.33333333333333337,0.44516487263673526,103,"{'n_estimators': 500, 'criterion': 'gini', 'min_samples_split': 5, 'bootstrap': True, 'max_depth': 8}",0.23,0.0,0.23,0.7183333333333332
4,0.7221978021978022,RF,0.7600287218801153,0.7512168828466005,0.31733333333333336,0.44402132477213163,5,"{'n_estimators': 200, 'criterion': 'gini', 'min_samples_split': 10, 'bootstrap': True, 'max_depth': 5}",0.25,0.0,0.25,0.7163333333333334
54,0.7221978021978022,RF,0.7611035242707069,0.7494018545838047,0.31200000000000006,0.4436370583343638,55,"{'n_estimators': 200, 'criterion': 'entropy', 'min_samples_split': 10, 'bootstrap': True, 'max_depth': 10}",0.2538888888888889,0.0,0.2538888888888889,0.7170555555555554
34,0.7221978021978022,RF,0.7611035242707069,0.7494018545838047,0.31200000000000006,0.4436370583343638,35,"{'n_estimators': 200, 'criterion': 'entropy', 'min_samples_split': 10, 'bootstrap': True, 'max_depth': 8}",0.2538888888888889,0.0,0.2538888888888889,0.7170555555555554
74,0.7221978021978022,RF,0.7611035242707069,0.7494018545838047,0.31200000000000006,0.4436370583343638,75,"{'n_estimators': 200, 'criterion': 'entropy', 'min_samples_split': 10, 'bootstrap': True, 'max_depth': 20}",0.2538888888888889,0.0,0.2538888888888889,0.7170555555555554
62,0.7252747252747254,RF,0.7687573609740794,0.7643230685655382,0.33333333333333337,0.442371111675735,63,"{'n_estimators': 200, 'criterion': 'gini', 'min_samples_split': 5, 'bootstrap': True, 'max_depth': 20}",0.23444444444444443,0.0,0.23444444444444443,0.716111111111111
42,0.7252747252747254,RF,0.7687573609740794,0.7643230685655382,0.33333333333333337,0.442371111675735,43,"{'n_estimators': 200, 'criterion': 'gini', 'min_samples_split': 5, 'bootstrap': True, 'max_depth': 10}",0.23444444444444443,0.0,0.23444444444444443,0.716111111111111
22,0.7252747252747254,RF,0.7687573609740794,0.7643230685655382,0.33333333333333337,0.442371111675735,23,"{'n_estimators': 200, 'criterion': 'gini', 'min_samples_split': 5, 'bootstrap': True, 'max_depth': 8}",0.23444444444444443,0.0,0.23444444444444443,0.716111111111111
2,0.7224175824175824,RF,0.763672662047275,0.7561710783426097,0.3253333333333333,0.4393828198705855,3,"{'n_estimators': 200, 'criterion': 'gini', 'min_samples_split': 5, 'bootstrap': True, 'max_depth': 5}",0.24444444444444444,0.0,0.24444444444444444,0.715111111111111
26,0.7160439560439561,RF,0.7504128874221753,0.7380374157540899,0.30933333333333335,0.4375659538062942,27,"{'n_estimators': 200, 'criterion': 'gini', 'min_samples_split': 15, 'bootstrap': True, 'max_depth': 8}",0.265,0.0,0.265,0.7128333333333333
66,0.7160439560439561,RF,0.7504128874221753,0.7380374157540899,0.30933333333333335,0.4375659538062942,67,"{'n_estimators': 200, 'criterion': 'gini', 'min_samples_split': 15, 'bootstrap': True, 'max_depth': 20}",0.265,0.0,0.265,0.7128333333333333
6,0.7160439560439561,RF,0.7504128874221753,0.7380374157540899,0.30933333333333335,0.4375659538062942,7,"{'n_estimators': 200, 'criterion': 'gini', 'min_samples_split': 15, 'bootstrap': True, 'max_depth': 5}",0.265,0.0,0.265,0.7128333333333333
46,0.7160439560439561,RF,0.7504128874221753,0.7380374157540899,0.30933333333333335,0.4375659538062942,47,"{'n_estimators': 200, 'criterion': 'gini', 'min_samples_split': 15, 'bootstrap': True, 'max_depth': 10}",0.265,0.0,0.265,0.7128333333333333
90,0.7224175824175825,RF,0.765488011128878,0.760033822988111,0.33199999999999996,0.437120163587686,91,"{'n_estimators': 500, 'criterion': 'entropy', 'min_samples_split': 2, 'bootstrap': True, 'max_depth': 5}",0.23944444444444443,0.0,0.23944444444444443,0.7142777777777777
86,0.7160439560439561,RF,0.7500912499952749,0.7353562563338002,0.30400000000000005,0.43626828383232363,87,"{'n_estimators': 500, 'criterion': 'gini', 'min_samples_split': 15, 'bootstrap': True, 'max_depth': 5}",0.26944444444444443,0.0,0.26944444444444443,0.7132777777777777
126,0.7160439560439561,RF,0.7500912499952749,0.7353562563338002,0.30400000000000005,0.43626828383232363,127,"{'n_estimators': 500, 'criterion': 'gini', 'min_samples_split': 15, 'bootstrap': True, 'max_depth': 10}",0.26944444444444443,0.0,0.26944444444444443,0.7132777777777777
146,0.7160439560439561,RF,0.7500912499952749,0.7353562563338002,0.30400000000000005,0.43626828383232363,147,"{'n_estimators': 500, 'criterion': 'gini', 'min_samples_split': 15, 'bootstrap': True, 'max_depth': 20}",0.26944444444444443,0.0,0.26944444444444443,0.7132777777777777
106,0.7160439560439561,RF,0.7500912499952749,0.7353562563338002,0.30400000000000005,0.43626828383232363,107,"{'n_estimators': 500, 'criterion': 'gini', 'min_samples_split': 15, 'bootstrap': True, 'max_depth': 8}",0.26944444444444443,0.0,0.26944444444444443,0.7132777777777777
63,0.7281318681318681,RF,0.7799893927881544,0.7889430504971321,0.38000000000000006,0.4357818972439656,64,"{'n_estimators': 200, 'criterion': 'gini', 'min_samples_split': 5, 'bootstrap': False, 'max_depth': 20}",0.20055555555555557,0.0,0.20055555555555557,0.7097222222222221
43,0.7281318681318681,RF,0.7799893927881544,0.7889430504971321,0.38000000000000006,0.4357818972439656,44,"{'n_estimators': 200, 'criterion': 'gini', 'min_samples_split': 5, 'bootstrap': False, 'max_depth': 10}",0.20055555555555557,0.0,0.20055555555555557,0.7097222222222221
119,0.7164835164835165,RF,0.7541234005073015,0.7379747072581331,0.304,0.4350904058699523,120,"{'n_estimators': 500, 'criterion': 'entropy', 'min_samples_split': 20, 'bootstrap': False, 'max_depth': 8}",0.2683333333333333,0.0,0.2683333333333333,0.7138333333333332
139,0.7164835164835165,RF,0.7541234005073015,0.7379747072581331,0.304,0.4350904058699523,140,"{'n_estimators': 500, 'criterion': 'entropy', 'min_samples_split': 20, 'bootstrap': False, 'max_depth': 10}",0.2683333333333333,0.0,0.2683333333333333,0.7138333333333332
159,0.7164835164835165,RF,0.7541234005073015,0.7379747072581331,0.304,0.4350904058699523,160,"{'n_estimators': 500, 'criterion': 'entropy', 'min_samples_split': 20, 'bootstrap': False, 'max_depth': 20}",0.2683333333333333,0.0,0.2683333333333333,0.7138333333333332
149,0.7156043956043956,RF,0.7514487463001395,0.738623662095485,0.31333333333333335,0.4333390798213939,150,"{'n_estimators': 500, 'criterion': 'gini', 'min_samples_split': 20, 'bootstrap': False, 'max_depth': 20}",0.265,0.0,0.265,0.7108333333333333
89,0.7156043956043956,RF,0.7514487463001395,0.738623662095485,0.31333333333333335,0.4333390798213939,90,"{'n_estimators': 500, 'criterion': 'gini', 'min_samples_split': 20, 'bootstrap': False, 'max_depth': 5}",0.265,0.0,0.265,0.7108333333333333
109,0.7156043956043956,RF,0.7514487463001395,0.738623662095485,0.31333333333333335,0.4333390798213939,110,"{'n_estimators': 500, 'criterion': 'gini', 'min_samples_split': 20, 'bootstrap': False, 'max_depth': 8}",0.265,0.0,0.265,0.7108333333333333
129,0.7156043956043956,RF,0.7514487463001395,0.738623662095485,0.31333333333333335,0.4333390798213939,130,"{'n_estimators': 500, 'criterion': 'gini', 'min_samples_split': 20, 'bootstrap': False, 'max_depth': 10}",0.265,0.0,0.265,0.7108333333333333
9,0.7162637362637362,RF,0.7540844796758109,0.7379633422102768,0.30533333333333335,0.4331940250017325,10,"{'n_estimators': 200, 'criterion': 'gini', 'min_samples_split': 20, 'bootstrap': False, 'max_depth': 5}",0.2683333333333333,0.0,0.2683333333333333,0.7131666666666667
99,0.7136263736263737,RF,0.7486967683159633,0.7299953334039047,0.2973333333333333,0.4325012834166941,100,"{'n_estimators': 500, 'criterion': 'entropy', 'min_samples_split': 20, 'bootstrap': False, 'max_depth': 5}",0.2777777777777778,0.0,0.2777777777777778,0.7124444444444442
92,0.7193406593406594,RF,0.7620594397003068,0.7555803816925644,0.33199999999999996,0.43224066322294336,93,"{'n_estimators': 500, 'criterion': 'entropy', 'min_samples_split': 5, 'bootstrap': True, 'max_depth': 5}",0.24444444444444444,0.0,0.24444444444444444,0.7117777777777776
19,0.7107692307692308,RF,0.7453130148145628,0.7234678051251048,0.2906666666666667,0.4285285094959659,20,"{'n_estimators': 200, 'criterion': 'entropy', 'min_samples_split': 20, 'bootstrap': False, 'max_depth': 5}",0.2866666666666667,0.0,0.2866666666666667,0.7113333333333333
25,0.7219780219780221,RF,0.7698801226293487,0.7702146013885871,0.35733333333333334,0.42694133040813115,26,"{'n_estimators': 200, 'criterion': 'gini', 'min_samples_split': 10, 'bootstrap': False, 'max_depth': 8}",0.22555555555555556,0.0,0.22555555555555556,0.7085555555555554
147,0.7162637362637363,RF,0.7600452375282097,0.7545262832357199,0.3413333333333333,0.426285350768366,148,"{'n_estimators': 500, 'criterion': 'gini', 'min_samples_split': 15, 'bootstrap': False, 'max_depth': 20}",0.24444444444444444,0.0,0.24444444444444444,0.7071111111111109
127,0.7162637362637363,RF,0.7600452375282097,0.7545262832357199,0.3413333333333333,0.426285350768366,128,"{'n_estimators': 500, 'criterion': 'gini', 'min_samples_split': 15, 'bootstrap': False, 'max_depth': 10}",0.24444444444444444,0.0,0.24444444444444444,0.7071111111111109
107,0.7162637362637363,RF,0.7600452375282097,0.7545262832357199,0.3413333333333333,0.426285350768366,108,"{'n_estimators': 500, 'criterion': 'gini', 'min_samples_split': 15, 'bootstrap': False, 'max_depth': 8}",0.24444444444444444,0.0,0.24444444444444444,0.7071111111111109
12,0.7136263736263736,RF,0.7549469563803929,0.7442145232153229,0.3253333333333333,0.4252911133681252,13,"{'n_estimators': 200, 'criterion': 'entropy', 'min_samples_split': 5, 'bootstrap': True, 'max_depth': 5}",0.25833333333333336,0.0,0.25833333333333336,0.7081666666666666
29,0.7131868131868133,RF,0.7526297115337364,0.7401105941113937,0.32,0.42401210457181604,30,"{'n_estimators': 200, 'criterion': 'gini', 'min_samples_split': 20, 'bootstrap': False, 'max_depth': 8}",0.2638888888888889,0.0,0.2638888888888889,0.7080555555555555
49,0.7131868131868133,RF,0.7526297115337364,0.7401105941113937,0.32,0.42401210457181604,50,"{'n_estimators': 200, 'criterion': 'gini', 'min_samples_split': 20, 'bootstrap': False, 'max_depth': 10}",0.2638888888888889,0.0,0.2638888888888889,0.7080555555555555
69,0.7131868131868133,RF,0.7526297115337364,0.7401105941113937,0.32,0.42401210457181604,70,"{'n_estimators': 200, 'criterion': 'gini', 'min_samples_split': 20, 'bootstrap': False, 'max_depth': 20}",0.2638888888888889,0.0,0.2638888888888889,0.7080555555555555
23,0.7224175824175824,RF,0.7757375868026023,0.784218960066859,0.38666666666666666,0.4225659660492145,24,"{'n_estimators': 200, 'criterion': 'gini', 'min_samples_split': 5, 'bootstrap': False, 'max_depth': 8}",0.20555555555555557,0.0,0.20555555555555557,0.7038888888888889
10,0.7136263736263737,RF,0.7571956172482488,0.7481867044209877,0.332,0.42251024097144224,11,"{'n_estimators': 200, 'criterion': 'entropy', 'min_samples_split': 2, 'bootstrap': True, 'max_depth': 5}",0.25333333333333335,0.0,0.25333333333333335,0.7073333333333334
50,0.7191208791208793,RF,0.7679093623954306,0.7694415599093631,0.36266666666666664,0.42205350626923627,51,"{'n_estimators': 200, 'criterion': 'entropy', 'min_samples_split': 2, 'bootstrap': True, 'max_depth': 10}",0.225,0.0,0.225,0.7061666666666666
70,0.7191208791208793,RF,0.7679093623954306,0.7694415599093631,0.36266666666666664,0.42205350626923627,71,"{'n_estimators': 200, 'criterion': 'entropy', 'min_samples_split': 2, 'bootstrap': True, 'max_depth': 20}",0.225,0.0,0.225,0.7061666666666666
72,0.7162637362637363,RF,0.7626991800768892,0.7588091710701133,0.34800000000000003,0.4205791995256355,73,"{'n_estimators': 200, 'criterion': 'entropy', 'min_samples_split': 5, 'bootstrap': True, 'max_depth': 20}",0.23944444444444446,0.0,0.23944444444444446,0.7062777777777777
32,0.7162637362637363,RF,0.7626991800768892,0.7588091710701133,0.34800000000000003,0.4205791995256355,33,"{'n_estimators': 200, 'criterion': 'entropy', 'min_samples_split': 5, 'bootstrap': True, 'max_depth': 8}",0.23944444444444446,0.0,0.23944444444444446,0.7062777777777777
52,0.7162637362637363,RF,0.7626991800768892,0.7588091710701133,0.34800000000000003,0.4205791995256355,53,"{'n_estimators': 200, 'criterion': 'entropy', 'min_samples_split': 5, 'bootstrap': True, 'max_depth': 10}",0.23944444444444446,0.0,0.23944444444444446,0.7062777777777777
67,0.7136263736263737,RF,0.7585747022155691,0.7516728794925285,0.3413333333333333,0.4205784611716014,68,"{'n_estimators': 200, 'criterion': 'gini', 'min_samples_split': 15, 'bootstrap': False, 'max_depth': 20}",0.24833333333333332,0.0,0.24833333333333332,0.7051666666666665
27,0.7136263736263737,RF,0.7585747022155691,0.7516728794925285,0.3413333333333333,0.4205784611716014,28,"{'n_estimators': 200, 'criterion': 'gini', 'min_samples_split': 15, 'bootstrap': False, 'max_depth': 8}",0.24833333333333332,0.0,0.24833333333333332,0.7051666666666665
47,0.7136263736263737,RF,0.7585747022155691,0.7516728794925285,0.3413333333333333,0.4205784611716014,48,"{'n_estimators': 200, 'criterion': 'gini', 'min_samples_split': 15, 'bootstrap': False, 'max_depth': 10}",0.24833333333333332,0.0,0.24833333333333332,0.7051666666666665
59,0.707912087912088,RF,0.7464570286954187,0.729675259523442,0.31066666666666665,0.4183470804762961,60,"{'n_estimators': 200, 'criterion': 'entropy', 'min_samples_split': 20, 'bootstrap': False, 'max_depth': 10}",0.27722222222222226,0.0,0.27722222222222226,0.7060555555555555
39,0.707912087912088,RF,0.7464570286954187,0.729675259523442,0.31066666666666665,0.4183470804762961,40,"{'n_estimators': 200, 'criterion': 'entropy', 'min_samples_split': 20, 'bootstrap': False, 'max_depth': 8}",0.27722222222222226,0.0,0.27722222222222226,0.7060555555555555
79,0.707912087912088,RF,0.7464570286954187,0.729675259523442,0.31066666666666665,0.4183470804762961,80,"{'n_estimators': 200, 'criterion': 'entropy', 'min_samples_split': 20, 'bootstrap': False, 'max_depth': 20}",0.27722222222222226,0.0,0.27722222222222226,0.7060555555555555
87,0.7101098901098902,RF,0.751327288810261,0.7417889304983671,0.33466666666666667,0.41814481685144433,88,"{'n_estimators': 500, 'criterion': 'gini', 'min_samples_split': 15, 'bootstrap': False, 'max_depth': 5}",0.2594444444444444,0.0,0.2594444444444444,0.7029444444444444
112,0.7160439560439561,RF,0.7630744772942917,0.7617694311013117,0.35600000000000004,0.41780018856945483,113,"{'n_estimators': 500, 'criterion': 'entropy', 'min_samples_split': 5, 'bootstrap': True, 'max_depth': 8}",0.235,0.0,0.235,0.7044999999999999
132,0.7160439560439561,RF,0.7630744772942917,0.7617694311013117,0.35600000000000004,0.41780018856945483,133,"{'n_estimators': 500, 'criterion': 'entropy', 'min_samples_split': 5, 'bootstrap': True, 'max_depth': 10}",0.235,0.0,0.235,0.7044999999999999
152,0.7160439560439561,RF,0.7630744772942917,0.7617694311013117,0.35600000000000004,0.41780018856945483,153,"{'n_estimators': 500, 'criterion': 'entropy', 'min_samples_split': 5, 'bootstrap': True, 'max_depth': 20}",0.235,0.0,0.235,0.7044999999999999
3,0.7167032967032968,RF,0.7656899677549833,0.7638513197346696,0.35733333333333334,0.4175577389278354,4,"{'n_estimators': 200, 'criterion': 'gini', 'min_samples_split': 5, 'bootstrap': False, 'max_depth': 5}",0.23333333333333336,0.0,0.23333333333333336,0.7046666666666666
65,0.7162637362637363,RF,0.764307023214144,0.7625563928405908,0.35733333333333334,0.41731629187915587,66,"{'n_estimators': 200, 'criterion': 'gini', 'min_samples_split': 10, 'bootstrap': False, 'max_depth': 20}",0.23444444444444443,0.0,0.23444444444444443,0.704111111111111
45,0.7162637362637363,RF,0.764307023214144,0.7625563928405908,0.35733333333333334,0.41731629187915587,46,"{'n_estimators': 200, 'criterion': 'gini', 'min_samples_split': 10, 'bootstrap': False, 'max_depth': 10}",0.23444444444444443,0.0,0.23444444444444443,0.704111111111111
7,0.7105494505494506,RF,0.7531271617958926,0.7409549052124441,0.32799999999999996,0.41728332784512623,8,"{'n_estimators': 200, 'criterion': 'gini', 'min_samples_split': 15, 'bootstrap': False, 'max_depth': 5}",0.2627777777777778,0.0,0.2627777777777778,0.704611111111111
30,0.7160439560439561,RF,0.7645760290620971,0.7650825855503887,0.36266666666666664,0.41683660692577307,31,"{'n_estimators': 200, 'criterion': 'entropy', 'min_samples_split': 2, 'bootstrap': True, 'max_depth': 8}",0.23,0.0,0.23,0.7036666666666666
16,0.7103296703296703,DT,0.7520810940005986,0.7468299873849689,0.3453333333333334,0.4143708632155781,17,"{'criterion': 'entropy', 'splitter': 'random', 'min_samples_split': 5}",0.2533333333333333,0.0,0.2533333333333333,0.7006666666666667
85,0.7103296703296705,RF,0.7540303700427541,0.7490921576669556,0.3493333333333334,0.41425804693966434,86,"{'n_estimators': 500, 'criterion': 'gini', 'min_samples_split': 10, 'bootstrap': False, 'max_depth': 5}",0.24944444444444444,0.0,0.24944444444444444,0.7006111111111111
145,0.7160439560439561,RF,0.7649753607245868,0.7653090683251594,0.3653333333333334,0.4138948072587946,146,"{'n_estimators': 500, 'criterion': 'gini', 'min_samples_split': 10, 'bootstrap': False, 'max_depth': 20}",0.23055555555555557,0.0,0.23055555555555557,0.7020555555555553
105,0.7160439560439561,RF,0.7649753607245868,0.7653090683251594,0.3653333333333334,0.4138948072587946,106,"{'n_estimators': 500, 'criterion': 'gini', 'min_samples_split': 10, 'bootstrap': False, 'max_depth': 8}",0.23055555555555557,0.0,0.23055555555555557,0.7020555555555553
125,0.7160439560439561,RF,0.7649753607245868,0.7653090683251594,0.3653333333333334,0.4138948072587946,126,"{'n_estimators': 500, 'criterion': 'gini', 'min_samples_split': 10, 'bootstrap': False, 'max_depth': 10}",0.23055555555555557,0.0,0.23055555555555557,0.7020555555555553
60,0.7162637362637363,RF,0.7659423294283976,0.7691246884565689,0.37200000000000005,0.4108631817866846,61,"{'n_estimators': 200, 'criterion': 'gini', 'min_samples_split': 2, 'bootstrap': True, 'max_depth': 20}",0.225,0.0,0.225,0.7014999999999999
40,0.7162637362637363,RF,0.7659423294283976,0.7691246884565689,0.37200000000000005,0.4108631817866846,41,"{'n_estimators': 200, 'criterion': 'gini', 'min_samples_split': 2, 'bootstrap': True, 'max_depth': 10}",0.225,0.0,0.225,0.7014999999999999
5,0.7105494505494506,RF,0.7578784517855724,0.754144438940832,0.35733333333333334,0.4084793025609136,6,"{'n_estimators': 200, 'criterion': 'gini', 'min_samples_split': 10, 'bootstrap': False, 'max_depth': 5}",0.2438888888888889,0.0,0.2438888888888889,0.6993888888888888
1,0.7105494505494506,RF,0.7587345891122981,0.7575243455299814,0.36666666666666664,0.4059115720150716,2,"{'n_estimators': 200, 'criterion': 'gini', 'min_samples_split': 2, 'bootstrap': False, 'max_depth': 5}",0.2388888888888889,0.0,0.2388888888888889,0.6972222222222222
83,0.7103296703296705,RF,0.758588068965778,0.7571463151134401,0.36666666666666664,0.40491893752744035,84,"{'n_estimators': 500, 'criterion': 'gini', 'min_samples_split': 5, 'bootstrap': False, 'max_depth': 5}",0.23944444444444443,0.0,0.23944444444444443,0.6969444444444443
19,0.7065934065934065,DT,0.7494861890775205,0.7581889322359754,0.3853333333333333,0.4038254033682215,20,"{'criterion': 'entropy', 'splitter': 'random', 'min_samples_split': 20}",0.23277777777777778,0.0,0.23277777777777778,0.6909444444444445
143,0.7134065934065934,RF,0.7685624922033593,0.7784234150937758,0.4026666666666667,0.40320113114895906,144,"{'n_estimators': 500, 'criterion': 'gini', 'min_samples_split': 5, 'bootstrap': False, 'max_depth': 20}",0.21055555555555558,0.0,0.21055555555555558,0.6933888888888887
123,0.7134065934065934,RF,0.7685624922033593,0.7784234150937758,0.4026666666666667,0.40320113114895906,124,"{'n_estimators': 500, 'criterion': 'gini', 'min_samples_split': 5, 'bootstrap': False, 'max_depth': 10}",0.21055555555555558,0.0,0.21055555555555558,0.6933888888888887
103,0.7134065934065934,RF,0.7685624922033593,0.7784234150937758,0.4026666666666667,0.40320113114895906,104,"{'n_estimators': 500, 'criterion': 'gini', 'min_samples_split': 5, 'bootstrap': False, 'max_depth': 8}",0.21055555555555558,0.0,0.21055555555555558,0.6933888888888887
81,0.7101098901098901,RF,0.7594029266227409,0.7602488226553069,0.3746666666666667,0.4024532256229288,82,"{'n_estimators': 500, 'criterion': 'gini', 'min_samples_split': 2, 'bootstrap': False, 'max_depth': 5}",0.235,0.0,0.235,0.6951666666666665
20,0.712967032967033,RF,0.7639423294283975,0.7683554576873383,0.3813333333333333,0.40201288797585455,21,"{'n_estimators': 200, 'criterion': 'gini', 'min_samples_split': 2, 'bootstrap': True, 'max_depth': 8}",0.225,0.0,0.225,0.6968333333333332
17,0.6991208791208792,RF,0.7377951023864336,0.7201030428908917,0.31866666666666665,0.4003545808686482,18,"{'n_estimators': 200, 'criterion': 'entropy', 'min_samples_split': 15, 'bootstrap': False, 'max_depth': 5}",0.28722222222222227,0.0,0.28722222222222227,0.6970555555555555
101,0.7103296703296703,RF,0.7660094429134677,0.7749675329550221,0.4026666666666667,0.39454764874241843,102,"{'n_estimators': 500, 'criterion': 'gini', 'min_samples_split': 2, 'bootstrap': False, 'max_depth': 8}",0.21500000000000002,0.0,0.21500000000000002,0.6911666666666667
121,0.7103296703296703,RF,0.7660094429134677,0.7749675329550221,0.4026666666666667,0.39454764874241843,122,"{'n_estimators': 500, 'criterion': 'gini', 'min_samples_split': 2, 'bootstrap': False, 'max_depth': 10}",0.21500000000000002,0.0,0.21500000000000002,0.6911666666666667
77,0.698901098901099,RF,0.7415877476496674,0.7274101892436241,0.33466666666666667,0.3933823320012818,78,"{'n_estimators': 200, 'criterion': 'entropy', 'min_samples_split': 15, 'bootstrap': False, 'max_depth': 20}",0.2777777777777778,0.0,0.2777777777777778,0.6937777777777776
37,0.698901098901099,RF,0.7415877476496674,0.7274101892436241,0.33466666666666667,0.3933823320012818,38,"{'n_estimators': 200, 'criterion': 'entropy', 'min_samples_split': 15, 'bootstrap': False, 'max_depth': 8}",0.2777777777777778,0.0,0.2777777777777778,0.6937777777777776
57,0.698901098901099,RF,0.7415877476496674,0.7274101892436241,0.33466666666666667,0.3933823320012818,58,"{'n_estimators': 200, 'criterion': 'entropy', 'min_samples_split': 15, 'bootstrap': False, 'max_depth': 10}",0.2777777777777778,0.0,0.2777777777777778,0.6937777777777776
97,0.6986813186813187,RF,0.7408407821968196,0.7270352867249475,0.33466666666666667,0.39336214206158293,98,"{'n_estimators': 500, 'criterion': 'entropy', 'min_samples_split': 15, 'bootstrap': False, 'max_depth': 5}",0.2777777777777778,0.0,0.2777777777777778,0.6937777777777776
115,0.7074725274725275,RF,0.7605852678453299,0.7640092456102585,0.38800000000000007,0.3932929984049666,116,"{'n_estimators': 500, 'criterion': 'entropy', 'min_samples_split': 10, 'bootstrap': False, 'max_depth': 8}",0.22944444444444445,0.0,0.22944444444444445,0.6912777777777778
110,0.7074725274725275,RF,0.7588814948381513,0.763136952468833,0.38666666666666666,0.3932301084757212,111,"{'n_estimators': 500, 'criterion': 'entropy', 'min_samples_split': 2, 'bootstrap': True, 'max_depth': 8}",0.23,0.0,0.23,0.6916666666666665
130,0.7074725274725275,RF,0.7588814948381513,0.763136952468833,0.38666666666666666,0.3932301084757212,131,"{'n_estimators': 500, 'criterion': 'entropy', 'min_samples_split': 2, 'bootstrap': True, 'max_depth': 10}",0.23,0.0,0.23,0.6916666666666665
150,0.7074725274725275,RF,0.7588814948381513,0.763136952468833,0.38666666666666666,0.3932301084757212,151,"{'n_estimators': 500, 'criterion': 'entropy', 'min_samples_split': 2, 'bootstrap': True, 'max_depth': 20}",0.23,0.0,0.23,0.6916666666666665
41,0.7103296703296703,RF,0.7678298272075361,0.7816139234202617,0.4186666666666667,0.3910107203339259,42,"{'n_estimators': 200, 'criterion': 'gini', 'min_samples_split': 2, 'bootstrap': False, 'max_depth': 10}",0.20555555555555557,0.0,0.20555555555555557,0.6878888888888888
61,0.7103296703296703,RF,0.7678298272075361,0.7816139234202617,0.4186666666666667,0.3910107203339259,62,"{'n_estimators': 200, 'criterion': 'gini', 'min_samples_split': 2, 'bootstrap': False, 'max_depth': 20}",0.20555555555555557,0.0,0.20555555555555557,0.6878888888888888
21,0.7103296703296703,RF,0.7683561429970099,0.7816431964727906,0.4186666666666667,0.3897447088862072,22,"{'n_estimators': 200, 'criterion': 'gini', 'min_samples_split': 2, 'bootstrap': False, 'max_depth': 8}",0.20555555555555557,0.0,0.20555555555555557,0.6878888888888889
35,0.7019780219780221,RF,0.7518876905688052,0.7497124165586883,0.37333333333333335,0.388258053696226,36,"{'n_estimators': 200, 'criterion': 'entropy', 'min_samples_split': 10, 'bootstrap': False, 'max_depth': 8}",0.2477777777777778,0.0,0.2477777777777778,0.6894444444444444
135,0.7046153846153846,RF,0.7587552024858526,0.7631962374801773,0.39466666666666667,0.387347438018701,136,"{'n_estimators': 500, 'criterion': 'entropy', 'min_samples_split': 10, 'bootstrap': False, 'max_depth': 10}",0.22944444444444445,0.0,0.22944444444444445,0.6879444444444444
155,0.7046153846153846,RF,0.7587552024858526,0.7631962374801773,0.39466666666666667,0.387347438018701,156,"{'n_estimators': 500, 'criterion': 'entropy', 'min_samples_split': 10, 'bootstrap': False, 'max_depth': 20}",0.22944444444444445,0.0,0.22944444444444445,0.6879444444444444
141,0.7074725274725274,RF,0.763950619384056,0.7742275752383201,0.4106666666666667,0.3871106461538419,142,"{'n_estimators': 500, 'criterion': 'gini', 'min_samples_split': 2, 'bootstrap': False, 'max_depth': 20}",0.21500000000000002,0.0,0.21500000000000002,0.6871666666666667
75,0.7019780219780221,RF,0.7533162619973766,0.7531243704584472,0.38000000000000006,0.3854283763478016,76,"{'n_estimators': 200, 'criterion': 'entropy', 'min_samples_split': 10, 'bootstrap': False, 'max_depth': 20}",0.24333333333333332,0.0,0.24333333333333332,0.6883333333333332
55,0.7019780219780221,RF,0.7533162619973766,0.7531243704584472,0.38000000000000006,0.3854283763478016,56,"{'n_estimators': 200, 'criterion': 'entropy', 'min_samples_split': 10, 'bootstrap': False, 'max_depth': 10}",0.24333333333333332,0.0,0.24333333333333332,0.6883333333333332
11,0.6962637362637364,RF,0.7409107383844226,0.7335718510388455,0.3586666666666667,0.3834272498419184,12,"{'n_estimators': 200, 'criterion': 'entropy', 'min_samples_split': 2, 'bootstrap': False, 'max_depth': 5}",0.26722222222222225,0.0,0.26722222222222225,0.6870555555555555
15,0.6936263736263736,RF,0.7363534590624374,0.7259994771847943,0.3493333333333334,0.38329997294289725,16,"{'n_estimators': 200, 'criterion': 'entropy', 'min_samples_split': 10, 'bootstrap': False, 'max_depth': 5}",0.27666666666666667,0.0,0.27666666666666667,0.6869999999999998
157,0.6958241758241759,RF,0.7409079372639745,0.7302824261532376,0.3506666666666667,0.38322173935284826,158,"{'n_estimators': 500, 'criterion': 'entropy', 'min_samples_split': 15, 'bootstrap': False, 'max_depth': 20}",0.2727777777777778,0.0,0.2727777777777778,0.6882777777777777
117,0.6958241758241759,RF,0.7409079372639745,0.7302824261532376,0.3506666666666667,0.38322173935284826,118,"{'n_estimators': 500, 'criterion': 'entropy', 'min_samples_split': 15, 'bootstrap': False, 'max_depth': 8}",0.2727777777777778,0.0,0.2727777777777778,0.6882777777777777
137,0.6958241758241759,RF,0.7409079372639745,0.7302824261532376,0.3506666666666667,0.38322173935284826,138,"{'n_estimators': 500, 'criterion': 'entropy', 'min_samples_split': 15, 'bootstrap': False, 'max_depth': 10}",0.2727777777777778,0.0,0.2727777777777778,0.6882777777777777
111,0.7046153846153846,RF,0.7617132348215939,0.7756627745774186,0.42533333333333334,0.3825814847861999,112,"{'n_estimators': 500, 'criterion': 'entropy', 'min_samples_split': 2, 'bootstrap': False, 'max_depth': 8}",0.21055555555555558,0.0,0.21055555555555558,0.6820555555555555
140,0.7043956043956043,RF,0.7586633476602518,0.7661766241590315,0.40399999999999997,0.3812039922858384,141,"{'n_estimators': 500, 'criterion': 'gini', 'min_samples_split': 2, 'bootstrap': True, 'max_depth': 20}",0.225,0.0,0.225,0.6855
120,0.7043956043956043,RF,0.7586633476602518,0.7661766241590315,0.40399999999999997,0.3812039922858384,121,"{'n_estimators': 500, 'criterion': 'gini', 'min_samples_split': 2, 'bootstrap': True, 'max_depth': 10}",0.225,0.0,0.225,0.6855
100,0.7043956043956043,RF,0.7586633476602518,0.7661766241590315,0.40399999999999997,0.3812039922858384,101,"{'n_estimators': 500, 'criterion': 'gini', 'min_samples_split': 2, 'bootstrap': True, 'max_depth': 8}",0.225,0.0,0.225,0.6855
133,0.7017582417582419,RF,0.7576609472398945,0.7681830997806707,0.4173333333333333,0.3781254498161949,134,"{'n_estimators': 500, 'criterion': 'entropy', 'min_samples_split': 5, 'bootstrap': False, 'max_depth': 10}",0.22055555555555556,0.0,0.22055555555555556,0.6810555555555555
153,0.7017582417582419,RF,0.7576609472398945,0.7681830997806707,0.4173333333333333,0.3781254498161949,154,"{'n_estimators': 500, 'criterion': 'entropy', 'min_samples_split': 5, 'bootstrap': False, 'max_depth': 20}",0.22055555555555556,0.0,0.22055555555555556,0.6810555555555555
76,0.7015384615384616,KNN,0.7665358985699542,0.8049933453785928,0.5013333333333333,0.3774722507829514,77,"{'n_neighbors': 10, 'weights': 'distance', 'Algorithm': 'auto'}",0.165,0.0,0.165,0.6668333333333334
78,0.7015384615384616,KNN,0.7665358985699542,0.8049933453785928,0.5013333333333333,0.3774722507829514,79,"{'n_neighbors': 10, 'weights': 'distance', 'Algorithm': 'kd_tree'}",0.165,0.0,0.165,0.6668333333333334
79,0.7015384615384616,KNN,0.7665358985699542,0.8049933453785928,0.5013333333333333,0.3774722507829514,80,"{'n_neighbors': 10, 'weights': 'distance', 'Algorithm': 'brute'}",0.165,0.0,0.165,0.6668333333333334
77,0.7015384615384616,KNN,0.7665358985699542,0.8049933453785928,0.5013333333333333,0.3774722507829514,78,"{'n_neighbors': 10, 'weights': 'distance', 'Algorithm': 'ball_tree'}",0.165,0.0,0.165,0.6668333333333334
9,0.6938461538461539,DT,0.7474452534050059,0.7644452555060371,0.43199999999999994,0.37729656055967864,10,"{'criterion': 'gini', 'splitter': 'random', 'min_samples_split': 20}",0.21888888888888888,0.0,0.21888888888888888,0.6745555555555556
91,0.6927472527472527,RF,0.739031772493073,0.7323708870897251,0.3666666666666667,0.3765855609341295,92,"{'n_estimators': 500, 'criterion': 'entropy', 'min_samples_split': 2, 'bootstrap': False, 'max_depth': 5}",0.2677777777777778,0.0,0.2677777777777778,0.6827777777777777
93,0.6929670329670331,RF,0.7400087246774554,0.7356505273461096,0.3746666666666667,0.3756740351853579,94,"{'n_estimators': 500, 'criterion': 'entropy', 'min_samples_split': 5, 'bootstrap': False, 'max_depth': 5}",0.2627777777777778,0.0,0.2627777777777778,0.6812777777777776
131,0.7015384615384616,RF,0.7600758079210093,0.774887580778969,0.43333333333333335,0.3739249780388076,132,"{'n_estimators': 500, 'criterion': 'entropy', 'min_samples_split': 2, 'bootstrap': False, 'max_depth': 10}",0.21055555555555558,0.0,0.21055555555555558,0.6780555555555555
13,0.6903296703296705,RF,0.7349781089223815,0.7279540381039595,0.3653333333333334,0.37356354052344193,14,"{'n_estimators': 200, 'criterion': 'entropy', 'min_samples_split': 5, 'bootstrap': False, 'max_depth': 5}",0.27222222222222225,0.0,0.27222222222222225,0.6812222222222222
113,0.698901098901099,RF,0.7551346314504209,0.764575329197877,0.4173333333333333,0.37217394045005164,114,"{'n_estimators': 500, 'criterion': 'entropy', 'min_samples_split': 5, 'bootstrap': False, 'max_depth': 8}",0.22500000000000003,0.0,0.22500000000000003,0.6788333333333333
95,0.6901098901098901,RF,0.7358056680161944,0.7283505050664667,0.3653333333333334,0.3715710969038745,96,"{'n_estimators': 500, 'criterion': 'entropy', 'min_samples_split': 10, 'bootstrap': False, 'max_depth': 5}",0.27222222222222225,0.0,0.27222222222222225,0.6812222222222222
73,0.6960439560439561,RF,0.749702253370984,0.7566441285185198,0.4093333333333333,0.3698629358364979,74,"{'n_estimators': 200, 'criterion': 'entropy', 'min_samples_split': 5, 'bootstrap': False, 'max_depth': 20}",0.23444444444444446,0.0,0.23444444444444446,0.6781111111111112
53,0.6960439560439561,RF,0.749702253370984,0.7566441285185198,0.4093333333333333,0.3698629358364979,54,"{'n_estimators': 200, 'criterion': 'entropy', 'min_samples_split': 5, 'bootstrap': False, 'max_depth': 10}",0.23444444444444446,0.0,0.23444444444444446,0.6781111111111112
33,0.6960439560439561,RF,0.749702253370984,0.7566441285185198,0.4093333333333333,0.3698629358364979,34,"{'n_estimators': 200, 'criterion': 'entropy', 'min_samples_split': 5, 'bootstrap': False, 'max_depth': 8}",0.23444444444444446,0.0,0.23444444444444446,0.6781111111111112
51,0.6984615384615387,RF,0.75620208137236,0.7706025287871866,0.43333333333333335,0.36882116991670005,52,"{'n_estimators': 200, 'criterion': 'entropy', 'min_samples_split': 2, 'bootstrap': False, 'max_depth': 10}",0.215,0.0,0.215,0.6758333333333333
71,0.6984615384615387,RF,0.75620208137236,0.7706025287871866,0.43333333333333335,0.36882116991670005,72,"{'n_estimators': 200, 'criterion': 'entropy', 'min_samples_split': 2, 'bootstrap': False, 'max_depth': 20}",0.215,0.0,0.215,0.6758333333333333
17,0.7019780219780221,DT,0.7542433355669325,0.7579562114154231,0.3973333333333333,0.36798988798197224,18,"{'criterion': 'entropy', 'splitter': 'random', 'min_samples_split': 10}",0.2361111111111111,0.0,0.2361111111111111,0.6832777777777775
5,0.6837362637362638,DT,0.7174038524255242,0.6995262692063834,0.3306666666666667,0.3675803331157901,6,"{'criterion': 'gini', 'splitter': 'random', 'min_samples_split': 2}",0.30833333333333335,0.0,0.30833333333333335,0.6805
151,0.6984615384615386,RF,0.7581710460162472,0.7742128169463105,0.44133333333333336,0.36611777745521934,152,"{'n_estimators': 500, 'criterion': 'entropy', 'min_samples_split': 2, 'bootstrap': False, 'max_depth': 20}",0.21055555555555558,0.0,0.21055555555555558,0.6740555555555555
31,0.6958241758241759,RF,0.7533262643788958,0.7667726245261989,0.43333333333333335,0.3642565140044089,32,"{'n_estimators': 200, 'criterion': 'entropy', 'min_samples_split': 2, 'bootstrap': False, 'max_depth': 8}",0.21944444444444447,0.0,0.21944444444444447,0.6736111111111112
74,0.6898901098901099,KNN,0.7441125853850313,0.7630989408603821,0.44133333333333336,0.36416352862351375,75,"{'n_neighbors': 10, 'weights': 'uniform', 'Algorithm': 'kd_tree'}",0.22111111111111112,0.0,0.22111111111111112,0.6687777777777779
72,0.6898901098901099,KNN,0.7441125853850313,0.7630989408603821,0.44133333333333336,0.36416352862351375,73,"{'n_neighbors': 10, 'weights': 'uniform', 'Algorithm': 'auto'}",0.22111111111111112,0.0,0.22111111111111112,0.6687777777777779
73,0.6898901098901099,KNN,0.7441125853850313,0.7630989408603821,0.44133333333333336,0.36416352862351375,74,"{'n_neighbors': 10, 'weights': 'uniform', 'Algorithm': 'ball_tree'}",0.22111111111111112,0.0,0.22111111111111112,0.6687777777777779
75,0.6898901098901099,KNN,0.7441125853850313,0.7630989408603821,0.44133333333333336,0.36416352862351375,76,"{'n_neighbors': 10, 'weights': 'uniform', 'Algorithm': 'brute'}",0.22111111111111112,0.0,0.22111111111111112,0.6687777777777779
67,0.6931868131868132,KNN,0.7620246203744656,0.8007550842162723,0.5159999999999999,0.3590118921649755,68,"{'n_neighbors': 9, 'weights': 'uniform', 'Algorithm': 'brute'}",0.1688888888888889,0.0,0.1688888888888889,0.6575555555555556
64,0.6931868131868132,KNN,0.7620246203744656,0.8007550842162723,0.5159999999999999,0.3590118921649755,65,"{'n_neighbors': 9, 'weights': 'uniform', 'Algorithm': 'auto'}",0.1688888888888889,0.0,0.1688888888888889,0.6575555555555556
65,0.6931868131868132,KNN,0.7620246203744656,0.8007550842162723,0.5159999999999999,0.3590118921649755,66,"{'n_neighbors': 9, 'weights': 'uniform', 'Algorithm': 'ball_tree'}",0.1688888888888889,0.0,0.1688888888888889,0.6575555555555556
66,0.6931868131868132,KNN,0.7620246203744656,0.8007550842162723,0.5159999999999999,0.3590118921649755,67,"{'n_neighbors': 9, 'weights': 'uniform', 'Algorithm': 'kd_tree'}",0.1688888888888889,0.0,0.1688888888888889,0.6575555555555556
15,0.6887912087912089,DT,0.7347366304146492,0.7392140625888866,0.39866666666666667,0.35754185721693477,16,"{'criterion': 'entropy', 'splitter': 'random', 'min_samples_split': 2}",0.25388888888888883,0.0,0.25388888888888883,0.6737222222222223
68,0.692967032967033,KNN,0.7622585385031206,0.8005483658700189,0.5146666666666667,0.3556308741828152,69,"{'n_neighbors': 9, 'weights': 'distance', 'Algorithm': 'auto'}",0.16944444444444443,0.0,0.16944444444444443,0.6579444444444446
69,0.692967032967033,KNN,0.7622585385031206,0.8005483658700189,0.5146666666666667,0.3556308741828152,70,"{'n_neighbors': 9, 'weights': 'distance', 'Algorithm': 'ball_tree'}",0.16944444444444443,0.0,0.16944444444444443,0.6579444444444446
70,0.692967032967033,KNN,0.7622585385031206,0.8005483658700189,0.5146666666666667,0.3556308741828152,71,"{'n_neighbors': 9, 'weights': 'distance', 'Algorithm': 'kd_tree'}",0.16944444444444443,0.0,0.16944444444444443,0.6579444444444446
71,0.692967032967033,KNN,0.7622585385031206,0.8005483658700189,0.5146666666666667,0.3556308741828152,72,"{'n_neighbors': 9, 'weights': 'distance', 'Algorithm': 'brute'}",0.16944444444444443,0.0,0.16944444444444443,0.6579444444444446
14,0.6248351648351648,svm_poly,0.5914991674991675,0.5079755255976656,0.128,0.35272503774047237,15,"{'kernel': 'poly', 'C': 0.1, 'gamma': 0.1, 'degree': 4}",0.5344444444444444,0.0,0.5344444444444444,0.6687777777777777
43,0.6751648351648352,KNN,0.7197325591505158,0.7167146059517279,0.38533333333333336,0.3391425151615485,44,"{'n_neighbors': 6, 'weights': 'uniform', 'Algorithm': 'brute'}",0.2833333333333334,0.0,0.2833333333333334,0.665666666666667
42,0.6751648351648352,KNN,0.7197325591505158,0.7167146059517279,0.38533333333333336,0.3391425151615485,43,"{'n_neighbors': 6, 'weights': 'uniform', 'Algorithm': 'kd_tree'}",0.2833333333333334,0.0,0.2833333333333334,0.665666666666667
40,0.6751648351648352,KNN,0.7197325591505158,0.7167146059517279,0.38533333333333336,0.3391425151615485,41,"{'n_neighbors': 6, 'weights': 'uniform', 'Algorithm': 'auto'}",0.2833333333333334,0.0,0.2833333333333334,0.665666666666667
41,0.6751648351648352,KNN,0.7197325591505158,0.7167146059517279,0.38533333333333336,0.3391425151615485,42,"{'n_neighbors': 6, 'weights': 'uniform', 'Algorithm': 'ball_tree'}",0.2833333333333334,0.0,0.2833333333333334,0.665666666666667
55,0.6813186813186815,KNN,0.7496489753796254,0.7860499825863454,0.5186666666666667,0.3352261569137776,56,"{'n_neighbors': 7, 'weights': 'distance', 'Algorithm': 'brute'}",0.185,0.0,0.185,0.6481666666666667
54,0.6813186813186815,KNN,0.7496489753796254,0.7860499825863454,0.5186666666666667,0.3352261569137776,55,"{'n_neighbors': 7, 'weights': 'distance', 'Algorithm': 'kd_tree'}",0.185,0.0,0.185,0.6481666666666667
53,0.6813186813186815,KNN,0.7496489753796254,0.7860499825863454,0.5186666666666667,0.3352261569137776,54,"{'n_neighbors': 7, 'weights': 'distance', 'Algorithm': 'ball_tree'}",0.185,0.0,0.185,0.6481666666666667
52,0.6813186813186815,KNN,0.7496489753796254,0.7860499825863454,0.5186666666666667,0.3352261569137776,53,"{'n_neighbors': 7, 'weights': 'distance', 'Algorithm': 'auto'}",0.185,0.0,0.185,0.6481666666666667
39,0.6835164835164835,KNN,0.7500468819106589,0.7813460927418157,0.5,0.33216112359248273,40,"{'n_neighbors': 5, 'weights': 'distance', 'Algorithm': 'brute'}",0.195,0.0,0.195,0.6525000000000002
38,0.6835164835164835,KNN,0.7500468819106589,0.7813460927418157,0.5,0.33216112359248273,39,"{'n_neighbors': 5, 'weights': 'distance', 'Algorithm': 'kd_tree'}",0.195,0.0,0.195,0.6525000000000002
37,0.6835164835164835,KNN,0.7500468819106589,0.7813460927418157,0.5,0.33216112359248273,38,"{'n_neighbors': 5, 'weights': 'distance', 'Algorithm': 'ball_tree'}",0.195,0.0,0.195,0.6525000000000002
36,0.6835164835164835,KNN,0.7500468819106589,0.7813460927418157,0.5,0.33216112359248273,37,"{'n_neighbors': 5, 'weights': 'distance', 'Algorithm': 'auto'}",0.195,0.0,0.195,0.6525000000000002
50,0.6784615384615386,KNN,0.7488419578357659,0.788744368303987,0.5346666666666666,0.3302892210705541,51,"{'n_neighbors': 7, 'weights': 'uniform', 'Algorithm': 'kd_tree'}",0.17944444444444443,0.0,0.17944444444444443,0.6429444444444443
48,0.6784615384615386,KNN,0.7488419578357659,0.788744368303987,0.5346666666666666,0.3302892210705541,49,"{'n_neighbors': 7, 'weights': 'uniform', 'Algorithm': 'auto'}",0.17944444444444443,0.0,0.17944444444444443,0.6429444444444443
49,0.6784615384615386,KNN,0.7488419578357659,0.788744368303987,0.5346666666666666,0.3302892210705541,50,"{'n_neighbors': 7, 'weights': 'uniform', 'Algorithm': 'ball_tree'}",0.17944444444444443,0.0,0.17944444444444443,0.6429444444444443
51,0.6784615384615386,KNN,0.7488419578357659,0.788744368303987,0.5346666666666666,0.3302892210705541,52,"{'n_neighbors': 7, 'weights': 'uniform', 'Algorithm': 'brute'}",0.17944444444444443,0.0,0.17944444444444443,0.6429444444444443
60,0.678021978021978,KNN,0.7454130915524105,0.7791440458184741,0.516,0.32544295619935626,61,"{'n_neighbors': 8, 'weights': 'distance', 'Algorithm': 'auto'}",0.19444444444444442,0.0,0.19444444444444442,0.6447777777777779
61,0.678021978021978,KNN,0.7454130915524105,0.7791440458184741,0.516,0.32544295619935626,62,"{'n_neighbors': 8, 'weights': 'distance', 'Algorithm': 'ball_tree'}",0.19444444444444442,0.0,0.19444444444444442,0.6447777777777779
62,0.678021978021978,KNN,0.7454130915524105,0.7791440458184741,0.516,0.32544295619935626,63,"{'n_neighbors': 8, 'weights': 'distance', 'Algorithm': 'kd_tree'}",0.19444444444444442,0.0,0.19444444444444442,0.6447777777777779
63,0.678021978021978,KNN,0.7454130915524105,0.7791440458184741,0.516,0.32544295619935626,64,"{'n_neighbors': 8, 'weights': 'distance', 'Algorithm': 'brute'}",0.19444444444444442,0.0,0.19444444444444442,0.6447777777777779
8,0.6731868131868132,DT,0.7332550944067971,0.7498701867385664,0.4693333333333333,0.3243025694329286,9,"{'criterion': 'gini', 'splitter': 'random', 'min_samples_split': 15}",0.2338888888888889,0.0,0.2338888888888889,0.6483888888888889
6,0.6674725274725276,DT,0.7143853449611964,0.7070930177753304,0.3906666666666667,0.3197955729490306,7,"{'criterion': 'gini', 'splitter': 'random', 'min_samples_split': 5}",0.29333333333333333,0.0,0.29333333333333333,0.6580000000000001
56,0.6723076923076924,KNN,0.7283887168902649,0.7421659582770895,0.4493333333333333,0.31972662612718716,57,"{'n_neighbors': 8, 'weights': 'uniform', 'Algorithm': 'auto'}",0.24666666666666667,0.0,0.24666666666666667,0.6520000000000001
57,0.6723076923076924,KNN,0.7283887168902649,0.7421659582770895,0.4493333333333333,0.31972662612718716,58,"{'n_neighbors': 8, 'weights': 'uniform', 'Algorithm': 'ball_tree'}",0.24666666666666667,0.0,0.24666666666666667,0.6520000000000001
58,0.6723076923076924,KNN,0.7283887168902649,0.7421659582770895,0.4493333333333333,0.31972662612718716,59,"{'n_neighbors': 8, 'weights': 'uniform', 'Algorithm': 'kd_tree'}",0.24666666666666667,0.0,0.24666666666666667,0.6520000000000001
59,0.6723076923076924,KNN,0.7283887168902649,0.7421659582770895,0.4493333333333333,0.31972662612718716,60,"{'n_neighbors': 8, 'weights': 'uniform', 'Algorithm': 'brute'}",0.24666666666666667,0.0,0.24666666666666667,0.6520000000000001
47,0.6747252747252748,KNN,0.7400549904172194,0.7677824447488655,0.5,0.31866194587032426,48,"{'n_neighbors': 6, 'weights': 'distance', 'Algorithm': 'brute'}",0.21055555555555552,0.0,0.21055555555555552,0.6447222222222223
46,0.6747252747252748,KNN,0.7400549904172194,0.7677824447488655,0.5,0.31866194587032426,47,"{'n_neighbors': 6, 'weights': 'distance', 'Algorithm': 'kd_tree'}",0.21055555555555552,0.0,0.21055555555555552,0.6447222222222223
45,0.6747252747252748,KNN,0.7400549904172194,0.7677824447488655,0.5,0.31866194587032426,46,"{'n_neighbors': 6, 'weights': 'distance', 'Algorithm': 'ball_tree'}",0.21055555555555552,0.0,0.21055555555555552,0.6447222222222223
44,0.6747252747252748,KNN,0.7400549904172194,0.7677824447488655,0.5,0.31866194587032426,45,"{'n_neighbors': 6, 'weights': 'distance', 'Algorithm': 'auto'}",0.21055555555555552,0.0,0.21055555555555552,0.6447222222222223
33,0.6775824175824177,KNN,0.7466069094304387,0.7797632928606609,0.5146666666666667,0.31843620502799974,34,"{'n_neighbors': 5, 'weights': 'uniform', 'Algorithm': 'ball_tree'}",0.195,0.0,0.195,0.6451666666666667
34,0.6775824175824177,KNN,0.7466069094304387,0.7797632928606609,0.5146666666666667,0.31843620502799974,35,"{'n_neighbors': 5, 'weights': 'uniform', 'Algorithm': 'kd_tree'}",0.195,0.0,0.195,0.6451666666666667
35,0.6775824175824177,KNN,0.7466069094304387,0.7797632928606609,0.5146666666666667,0.31843620502799974,36,"{'n_neighbors': 5, 'weights': 'uniform', 'Algorithm': 'brute'}",0.195,0.0,0.195,0.6451666666666667
32,0.6775824175824177,KNN,0.7466069094304387,0.7797632928606609,0.5146666666666667,0.31843620502799974,33,"{'n_neighbors': 5, 'weights': 'uniform', 'Algorithm': 'auto'}",0.195,0.0,0.195,0.6451666666666667
11,0.6685714285714286,svm_rbf,0.7210941078185661,0.7274894525578233,0.42666666666666664,0.3167327239928776,12,"{'kernel': 'rbf', 'C': 1, 'gamma': 0.1}",0.26666666666666666,0.0,0.26666666666666666,0.6533333333333333
4,0.6610989010989011,DT,0.7075267920933556,0.7053989597857772,0.40399999999999997,0.3155648487815248,5,"{'criterion': 'gini', 'splitter': 'best', 'min_samples_split': 20}",0.2927777777777778,0.0,0.2927777777777778,0.6516111111111113
32,0.6487912087912088,svm_poly,0.6869906629318393,0.6614223946138744,0.3466666666666666,0.30057402766380675,33,"{'kernel': 'poly', 'C': 1, 'gamma': 0.1, 'degree': 2}",0.3527777777777778,0.0,0.3527777777777778,0.6502777777777778
68,0.6487912087912088,svm_poly,0.6869906629318393,0.6614223946138744,0.3466666666666666,0.30057402766380675,69,"{'kernel': 'poly', 'C': 100, 'gamma': 0.01, 'degree': 2}",0.3527777777777778,0.0,0.3527777777777778,0.6502777777777778
18,0.6485714285714286,DT,0.6929184159493758,0.6881497705673134,0.4106666666666666,0.29436229330748903,19,"{'criterion': 'entropy', 'splitter': 'random', 'min_samples_split': 15}",0.30944444444444447,0.0,0.30944444444444447,0.6399444444444445
0,0.6582417582417582,NB,0.7212889576883385,0.7394270042271226,0.4853333333333334,0.2926485001848589,1,{'NB_Classifiers': GaussianNB()},0.24555555555555558,0.0,0.24555555555555558,0.6345555555555557
18,0.6450549450549451,svm_rbf,0.6792436974789916,0.6577005141352694,0.352,0.2911304064870108,19,"{'kernel': 'rbf', 'C': 10, 'gamma': 0.01}",0.35444444444444445,0.0,0.35444444444444445,0.6467777777777778
3,0.6432967032967034,DT,0.68268286477884,0.6687263652041096,0.38266666666666665,0.29097738999182576,4,"{'criterion': 'gini', 'splitter': 'best', 'min_samples_split': 15}",0.3366666666666667,0.0,0.3366666666666667,0.6403333333333333
7,0.6465934065934066,DT,0.692250906300442,0.690218272316485,0.42133333333333334,0.28811511086514136,8,"{'criterion': 'gini', 'splitter': 'random', 'min_samples_split': 10}",0.3066666666666667,0.0,0.3066666666666667,0.6359999999999999
34,0.607032967032967,svm_poly,0.5925401265401266,0.5291754726705267,0.2186666666666667,0.27929657663401364,35,"{'kernel': 'poly', 'C': 1, 'gamma': 0.1, 'degree': 4}",0.5044444444444445,0.0,0.5044444444444445,0.6384444444444446
1,0.6408791208791209,DT,0.6929208844131445,0.6908216749175772,0.43333333333333335,0.2674090780732369,2,"{'criterion': 'gini', 'splitter': 'best', 'min_samples_split': 5}",0.30722222222222223,0.0,0.30722222222222223,0.6297222222222224
2,0.6261538461538462,DT,0.6682241803604033,0.6496475007768556,0.3906666666666666,0.25317722112332997,3,"{'criterion': 'gini', 'splitter': 'best', 'min_samples_split': 10}",0.35944444444444446,0.0,0.35944444444444446,0.6249444444444445
28,0.6424175824175825,KNN,0.710653005061674,0.7297620550983794,0.512,0.2524481928724349,29,"{'n_neighbors': 4, 'weights': 'distance', 'Algorithm': 'auto'}",0.2544444444444444,0.0,0.2544444444444444,0.6167777777777776
31,0.6424175824175825,KNN,0.710653005061674,0.7297620550983794,0.512,0.2524481928724349,32,"{'n_neighbors': 4, 'weights': 'distance', 'Algorithm': 'brute'}",0.2544444444444444,0.0,0.2544444444444444,0.6167777777777776
30,0.6424175824175825,KNN,0.710653005061674,0.7297620550983794,0.512,0.2524481928724349,31,"{'n_neighbors': 4, 'weights': 'distance', 'Algorithm': 'kd_tree'}",0.2544444444444444,0.0,0.2544444444444444,0.6167777777777776
29,0.6424175824175825,KNN,0.710653005061674,0.7297620550983794,0.512,0.2524481928724349,30,"{'n_neighbors': 4, 'weights': 'distance', 'Algorithm': 'ball_tree'}",0.2544444444444444,0.0,0.2544444444444444,0.6167777777777776
16,0.6426373626373626,KNN,0.7153954985502974,0.7407743354389515,0.5333333333333333,0.2514288135084099,17,"{'n_neighbors': 3, 'weights': 'uniform', 'Algorithm': 'auto'}",0.2388888888888889,0.0,0.2388888888888889,0.6138888888888888
18,0.6426373626373626,KNN,0.7153954985502974,0.7407743354389515,0.5333333333333333,0.2514288135084099,19,"{'n_neighbors': 3, 'weights': 'uniform', 'Algorithm': 'kd_tree'}",0.2388888888888889,0.0,0.2388888888888889,0.6138888888888888
23,0.6426373626373626,KNN,0.7153954985502974,0.7407743354389515,0.5333333333333333,0.2514288135084099,24,"{'n_neighbors': 3, 'weights': 'distance', 'Algorithm': 'brute'}",0.2388888888888889,0.0,0.2388888888888889,0.6138888888888888
17,0.6426373626373626,KNN,0.7153954985502974,0.7407743354389515,0.5333333333333333,0.2514288135084099,18,"{'n_neighbors': 3, 'weights': 'uniform', 'Algorithm': 'ball_tree'}",0.2388888888888889,0.0,0.2388888888888889,0.6138888888888888
22,0.6426373626373626,KNN,0.7153954985502974,0.7407743354389515,0.5333333333333333,0.2514288135084099,23,"{'n_neighbors': 3, 'weights': 'distance', 'Algorithm': 'kd_tree'}",0.2388888888888889,0.0,0.2388888888888889,0.6138888888888888
21,0.6426373626373626,KNN,0.7153954985502974,0.7407743354389515,0.5333333333333333,0.2514288135084099,22,"{'n_neighbors': 3, 'weights': 'distance', 'Algorithm': 'ball_tree'}",0.2388888888888889,0.0,0.2388888888888889,0.6138888888888888
20,0.6426373626373626,KNN,0.7153954985502974,0.7407743354389515,0.5333333333333333,0.2514288135084099,21,"{'n_neighbors': 3, 'weights': 'distance', 'Algorithm': 'auto'}",0.2388888888888889,0.0,0.2388888888888889,0.6138888888888888
19,0.6426373626373626,KNN,0.7153954985502974,0.7407743354389515,0.5333333333333333,0.2514288135084099,20,"{'n_neighbors': 3, 'weights': 'uniform', 'Algorithm': 'brute'}",0.2388888888888889,0.0,0.2388888888888889,0.6138888888888888
26,0.6338461538461538,svm_rbf,0.687533433886375,0.6837493519262609,0.43999999999999995,0.24673352283237637,27,"{'kernel': 'rbf', 'C': 100, 'gamma': 0.01}",0.31722222222222224,0.0,0.31722222222222224,0.6213888888888889
0,0.6314285714285713,DT,0.6895140037121462,0.6958935254201247,0.4746666666666666,0.2461454041333225,1,"{'criterion': 'gini', 'splitter': 'best', 'min_samples_split': 2}",0.2961111111111111,0.0,0.2961111111111111,0.614611111111111
54,0.6107692307692307,svm_poly,0.6353910795087266,0.5949395370867443,0.32800000000000007,0.2427245278219997,55,"{'kernel': 'poly', 'C': 10, 'gamma': 0.1, 'degree': 4}",0.4277777777777778,0.0,0.4277777777777778,0.6221111111111114
14,0.6021978021978022,DT,0.6257880825744604,0.621405736397206,0.42266666666666663,0.21572319344960036,15,"{'criterion': 'entropy', 'splitter': 'best', 'min_samples_split': 20}",0.3761111111111111,0.0,0.3761111111111111,0.6006111111111111
27,0.6098901098901098,KNN,0.652784529196294,0.6372674075908694,0.4186666666666667,0.2133846803863927,28,"{'n_neighbors': 4, 'weights': 'uniform', 'Algorithm': 'brute'}",0.3705555555555556,0.0,0.3705555555555556,0.6053888888888889
24,0.6098901098901098,KNN,0.652784529196294,0.6372674075908694,0.4186666666666667,0.2133846803863927,25,"{'n_neighbors': 4, 'weights': 'uniform', 'Algorithm': 'auto'}",0.3705555555555556,0.0,0.3705555555555556,0.6053888888888889
25,0.6098901098901098,KNN,0.652784529196294,0.6372674075908694,0.4186666666666667,0.2133846803863927,26,"{'n_neighbors': 4, 'weights': 'uniform', 'Algorithm': 'ball_tree'}",0.3705555555555556,0.0,0.3705555555555556,0.6053888888888889
26,0.6098901098901098,KNN,0.652784529196294,0.6372674075908694,0.4186666666666667,0.2133846803863927,27,"{'n_neighbors': 4, 'weights': 'uniform', 'Algorithm': 'kd_tree'}",0.3705555555555556,0.0,0.3705555555555556,0.6053888888888889
8,0.5879120879120879,KNN,0.5911623474564651,0.548626603850206,0.316,0.20946717830604428,9,"{'n_neighbors': 2, 'weights': 'uniform', 'Algorithm': 'auto'}",0.4738888888888889,0.0,0.4738888888888889,0.6050555555555557
9,0.5879120879120879,KNN,0.5911623474564651,0.548626603850206,0.316,0.20946717830604428,10,"{'n_neighbors': 2, 'weights': 'uniform', 'Algorithm': 'ball_tree'}",0.4738888888888889,0.0,0.4738888888888889,0.6050555555555557
10,0.5879120879120879,KNN,0.5911623474564651,0.548626603850206,0.316,0.20946717830604428,11,"{'n_neighbors': 2, 'weights': 'uniform', 'Algorithm': 'kd_tree'}",0.4738888888888889,0.0,0.4738888888888889,0.6050555555555557
11,0.5879120879120879,KNN,0.5911623474564651,0.548626603850206,0.316,0.20946717830604428,12,"{'n_neighbors': 2, 'weights': 'uniform', 'Algorithm': 'brute'}",0.4738888888888889,0.0,0.4738888888888889,0.6050555555555557
7,0.6158241758241758,KNN,0.6802586859305128,0.6936055645233885,0.5213333333333333,0.1977913431917159,8,"{'n_neighbors': 1, 'weights': 'distance', 'Algorithm': 'brute'}",0.29388888888888887,0.0,0.29388888888888887,0.5923888888888889
15,0.6158241758241758,KNN,0.6802586859305128,0.6936055645233885,0.5213333333333333,0.1977913431917159,16,"{'n_neighbors': 2, 'weights': 'distance', 'Algorithm': 'brute'}",0.29388888888888887,0.0,0.29388888888888887,0.5923888888888889
13,0.6158241758241758,KNN,0.6802586859305128,0.6936055645233885,0.5213333333333333,0.1977913431917159,14,"{'n_neighbors': 2, 'weights': 'distance', 'Algorithm': 'ball_tree'}",0.29388888888888887,0.0,0.29388888888888887,0.5923888888888889
12,0.6158241758241758,KNN,0.6802586859305128,0.6936055645233885,0.5213333333333333,0.1977913431917159,13,"{'n_neighbors': 2, 'weights': 'distance', 'Algorithm': 'auto'}",0.29388888888888887,0.0,0.29388888888888887,0.5923888888888889
6,0.6158241758241758,KNN,0.6802586859305128,0.6936055645233885,0.5213333333333333,0.1977913431917159,7,"{'n_neighbors': 1, 'weights': 'distance', 'Algorithm': 'kd_tree'}",0.29388888888888887,0.0,0.29388888888888887,0.5923888888888889
5,0.6158241758241758,KNN,0.6802586859305128,0.6936055645233885,0.5213333333333333,0.1977913431917159,6,"{'n_neighbors': 1, 'weights': 'distance', 'Algorithm': 'ball_tree'}",0.29388888888888887,0.0,0.29388888888888887,0.5923888888888889
4,0.6158241758241758,KNN,0.6802586859305128,0.6936055645233885,0.5213333333333333,0.1977913431917159,5,"{'n_neighbors': 1, 'weights': 'distance', 'Algorithm': 'auto'}",0.29388888888888887,0.0,0.29388888888888887,0.5923888888888889
3,0.6158241758241758,KNN,0.6802586859305128,0.6936055645233885,0.5213333333333333,0.1977913431917159,4,"{'n_neighbors': 1, 'weights': 'uniform', 'Algorithm': 'brute'}",0.29388888888888887,0.0,0.29388888888888887,0.5923888888888889
2,0.6158241758241758,KNN,0.6802586859305128,0.6936055645233885,0.5213333333333333,0.1977913431917159,3,"{'n_neighbors': 1, 'weights': 'uniform', 'Algorithm': 'kd_tree'}",0.29388888888888887,0.0,0.29388888888888887,0.5923888888888889
0,0.6158241758241758,KNN,0.6802586859305128,0.6936055645233885,0.5213333333333333,0.1977913431917159,1,"{'n_neighbors': 1, 'weights': 'uniform', 'Algorithm': 'auto'}",0.29388888888888887,0.0,0.29388888888888887,0.5923888888888889
1,0.6158241758241758,KNN,0.6802586859305128,0.6936055645233885,0.5213333333333333,0.1977913431917159,2,"{'n_neighbors': 1, 'weights': 'uniform', 'Algorithm': 'ball_tree'}",0.29388888888888887,0.0,0.29388888888888887,0.5923888888888889
14,0.6158241758241758,KNN,0.6802586859305128,0.6936055645233885,0.5213333333333333,0.1977913431917159,15,"{'n_neighbors': 2, 'weights': 'distance', 'Algorithm': 'kd_tree'}",0.29388888888888887,0.0,0.29388888888888887,0.5923888888888889
20,0.6353846153846154,svm_rbf,0.7534214587853032,0.8481384681821754,0.8080000000000002,0.18598547887733896,21,"{'kernel': 'rbf', 'C': 10, 'gamma': 1}",0.07277777777777779,0.0,0.07277777777777779,0.5596111111111111
28,0.6353846153846154,svm_rbf,0.7534214587853032,0.8481384681821754,0.8080000000000002,0.18598547887733896,29,"{'kernel': 'rbf', 'C': 100, 'gamma': 1}",0.07277777777777779,0.0,0.07277777777777779,0.5596111111111111
12,0.6021978021978022,DT,0.6521544859920146,0.652870124147624,0.484,0.183524000422062,13,"{'criterion': 'entropy', 'splitter': 'best', 'min_samples_split': 10}",0.34055555555555556,0.0,0.34055555555555556,0.5877222222222221
19,0.601978021978022,svm_rbf,0.6648102609464839,0.6651098418918118,0.49733333333333335,0.173018877957232,20,"{'kernel': 'rbf', 'C': 10, 'gamma': 0.1}",0.3327777777777778,0.0,0.3327777777777778,0.5849444444444445
11,0.5934065934065934,DT,0.6504321962866855,0.64744582324424,0.4893333333333333,0.16649590897422964,12,"{'criterion': 'entropy', 'splitter': 'best', 'min_samples_split': 5}",0.35055555555555556,0.0,0.35055555555555556,0.5800555555555555
13,0.5846153846153846,DT,0.6215858613350873,0.6057608010697312,0.4346666666666667,0.1655887900514077,14,"{'criterion': 'entropy', 'splitter': 'best', 'min_samples_split': 15}",0.40055555555555566,0.0,0.40055555555555566,0.582388888888889
16,0.5879120879120879,svm_poly,0.6429732173571183,0.62872601671315,0.46399999999999997,0.15875638986443957,17,"{'kernel': 'poly', 'C': 0.1, 'gamma': 1, 'degree': 2}",0.37833333333333335,0.0,0.37833333333333335,0.5788333333333333
52,0.5879120879120879,svm_poly,0.6429732173571183,0.62872601671315,0.46399999999999997,0.15875638986443957,53,"{'kernel': 'poly', 'C': 10, 'gamma': 0.1, 'degree': 2}",0.37833333333333335,0.0,0.37833333333333335,0.5788333333333333
74,0.5876923076923076,svm_poly,0.6393490022189713,0.6325041669369519,0.4733333333333334,0.15819672516000202,75,"{'kernel': 'poly', 'C': 100, 'gamma': 0.1, 'degree': 4}",0.3688888888888889,0.0,0.3688888888888889,0.578888888888889
10,0.5865934065934066,DT,0.6398923663196109,0.6360744513069173,0.4906666666666667,0.15408842525680067,11,"{'criterion': 'entropy', 'splitter': 'best', 'min_samples_split': 2}",0.36166666666666664,0.0,0.36166666666666664,0.5738333333333333
27,0.5782417582417583,svm_rbf,0.6315558730914768,0.6269569815270262,0.496,0.13660465156334228,28,"{'kernel': 'rbf', 'C': 100, 'gamma': 0.1}",0.3738888888888889,0.0,0.3738888888888889,0.5650555555555555
48,0.5945054945054945,svm_poly,0.6870103838370092,0.731927548142472,0.6586666666666666,0.12683981377842035,49,"{'kernel': 'poly', 'C': 10, 'gamma': 0.01, 'degree': 2}",0.22333333333333336,0.0,0.22333333333333336,0.5589999999999999
12,0.5945054945054945,svm_poly,0.6870103838370092,0.731927548142472,0.6586666666666666,0.12683981377842035,13,"{'kernel': 'poly', 'C': 0.1, 'gamma': 0.1, 'degree': 2}",0.22333333333333336,0.0,0.22333333333333336,0.5589999999999999
55,0.5043956043956045,svm_poly,0.43393672993672994,0.36738898988124996,0.2306666666666667,0.10102733537431113,56,"{'kernel': 'poly', 'C': 10, 'gamma': 0.1, 'degree': 5}",0.6655555555555556,0.0,0.6655555555555556,0.5518888888888891
18,0.5773626373626374,svm_poly,0.6609389530318324,0.6827993135354922,0.6106666666666667,0.09311719353568346,19,"{'kernel': 'poly', 'C': 0.1, 'gamma': 1, 'degree': 4}",0.29833333333333334,0.0,0.29833333333333334,0.5455
78,0.5696703296703297,svm_poly,0.6430234258345713,0.6534495357909396,0.5760000000000001,0.09133499551136107,79,"{'kernel': 'poly', 'C': 100, 'gamma': 1, 'degree': 4}",0.3366666666666667,0.0,0.3366666666666667,0.5436666666666665
58,0.5696703296703297,svm_poly,0.6430234258345713,0.6534495357909396,0.5760000000000001,0.09133499551136107,59,"{'kernel': 'poly', 'C': 10, 'gamma': 1, 'degree': 4}",0.3366666666666667,0.0,0.3366666666666667,0.5436666666666665
12,0.6182417582417582,svm_rbf,0.7548903087758922,0.8731636640439181,0.9253333333333333,0.08169206400663462,13,"{'kernel': 'rbf', 'C': 1, 'gamma': 1}",0.02388888888888889,0.0,0.02388888888888889,0.5253888888888888
38,0.5632967032967033,svm_poly,0.6350080875436912,0.6467270672702372,0.5826666666666668,0.07404443627319617,39,"{'kernel': 'poly', 'C': 1, 'gamma': 1, 'degree': 4}",0.34222222222222226,0.0,0.34222222222222226,0.5375555555555555
25,0.5749450549450549,svm_rbf,0.6960567997533942,0.7700779968302282,0.8066666666666668,0.043391304504605765,26,"{'kernel': 'rbf', 'C': 100, 'gamma': 0.001}",0.16555555555555557,0.0,0.16555555555555557,0.5138888888888887
72,0.5307692307692308,svm_poly,0.5878998136366557,0.5809247106049059,0.548,0.029657014383556658,73,"{'kernel': 'poly', 'C': 100, 'gamma': 0.1, 'degree': 2}",0.4205555555555556,0.0,0.4205555555555556,0.5157222222222222
36,0.5307692307692308,svm_poly,0.5878998136366557,0.5809247106049059,0.548,0.029657014383556658,37,"{'kernel': 'poly', 'C': 1, 'gamma': 1, 'degree': 2}",0.4205555555555556,0.0,0.4205555555555556,0.5157222222222222
19,0.5178021978021978,svm_poly,0.5945485848860462,0.5948410060703698,0.596,0.0008825693397150377,20,"{'kernel': 'poly', 'C': 0.1, 'gamma': 1, 'degree': 5}",0.40055555555555555,0.0,0.40055555555555555,0.5017222222222222
14,0.6032967032967033,svm_rbf,0.7521927348014306,0.8833816425120773,1.0,0.0,15,"{'kernel': 'rbf', 'C': 1, 'gamma': 3}",0.0,0.0,0.0,0.5
41,0.6032967032967033,svm_poly,0.7521927348014306,0.8833816425120773,1.0,0.0,42,"{'kernel': 'poly', 'C': 10, 'gamma': 0.0001, 'degree': 3}",0.0,0.0,0.0,0.5
46,0.6032967032967033,svm_poly,0.7521927348014306,0.8833816425120773,1.0,0.0,47,"{'kernel': 'poly', 'C': 10, 'gamma': 0.001, 'degree': 4}",0.0,0.0,0.0,0.5
45,0.6032967032967033,svm_poly,0.7521927348014306,0.8833816425120773,1.0,0.0,46,"{'kernel': 'poly', 'C': 10, 'gamma': 0.001, 'degree': 3}",0.0,0.0,0.0,0.5
44,0.6032967032967033,svm_poly,0.7521927348014306,0.8833816425120773,1.0,0.0,45,"{'kernel': 'poly', 'C': 10, 'gamma': 0.001, 'degree': 2}",0.0,0.0,0.0,0.5
43,0.6032967032967033,svm_poly,0.7521927348014306,0.8833816425120773,1.0,0.0,44,"{'kernel': 'poly', 'C': 10, 'gamma': 0.0001, 'degree': 5}",0.0,0.0,0.0,0.5
42,0.6032967032967033,svm_poly,0.7521927348014306,0.8833816425120773,1.0,0.0,43,"{'kernel': 'poly', 'C': 10, 'gamma': 0.0001, 'degree': 4}",0.0,0.0,0.0,0.5
2,0.6032967032967033,svm_rbf,0.7521927348014306,0.8833816425120773,1.0,0.0,3,"{'kernel': 'rbf', 'C': 0.1, 'gamma': 0.01}",0.0,0.0,0.0,0.5
40,0.6032967032967033,svm_poly,0.7521927348014306,0.8833816425120773,1.0,0.0,41,"{'kernel': 'poly', 'C': 10, 'gamma': 0.0001, 'degree': 2}",0.0,0.0,0.0,0.5
1,0.6032967032967033,svm_rbf,0.7521927348014306,0.8833816425120773,1.0,0.0,2,"{'kernel': 'rbf', 'C': 0.1, 'gamma': 0.001}",0.0,0.0,0.0,0.5
3,0.6032967032967033,svm_rbf,0.7521927348014306,0.8833816425120773,1.0,0.0,4,"{'kernel': 'rbf', 'C': 0.1, 'gamma': 0.1}",0.0,0.0,0.0,0.5
15,0.6032967032967033,svm_rbf,0.7521927348014306,0.8833816425120773,1.0,0.0,16,"{'kernel': 'rbf', 'C': 1, 'gamma': 4}",0.0,0.0,0.0,0.5
30,0.6032967032967033,svm_poly,0.7521927348014306,0.8833816425120773,1.0,0.0,31,"{'kernel': 'poly', 'C': 1, 'gamma': 0.01, 'degree': 4}",0.0,0.0,0.0,0.5
29,0.6032967032967033,svm_poly,0.7521927348014306,0.8833816425120773,1.0,0.0,30,"{'kernel': 'poly', 'C': 1, 'gamma': 0.01, 'degree': 3}",0.0,0.0,0.0,0.5
28,0.6032967032967033,svm_poly,0.7521927348014306,0.8833816425120773,1.0,0.0,29,"{'kernel': 'poly', 'C': 1, 'gamma': 0.01, 'degree': 2}",0.0,0.0,0.0,0.5
47,0.6032967032967033,svm_poly,0.7521927348014306,0.8833816425120773,1.0,0.0,48,"{'kernel': 'poly', 'C': 10, 'gamma': 0.001, 'degree': 5}",0.0,0.0,0.0,0.5
51,0.6032967032967033,svm_poly,0.7521927348014306,0.8833816425120773,1.0,0.0,52,"{'kernel': 'poly', 'C': 10, 'gamma': 0.01, 'degree': 5}",0.0,0.0,0.0,0.5
49,0.6032967032967033,svm_poly,0.7521927348014306,0.8833816425120773,1.0,0.0,50,"{'kernel': 'poly', 'C': 10, 'gamma': 0.01, 'degree': 3}",0.0,0.0,0.0,0.5
50,0.6032967032967033,svm_poly,0.7521927348014306,0.8833816425120773,1.0,0.0,51,"{'kernel': 'poly', 'C': 10, 'gamma': 0.01, 'degree': 4}",0.0,0.0,0.0,0.5
0,0.6032967032967033,svm_linear,0.7521927348014306,0.8833816425120773,1.0,0.0,1,"{'kernel': 'linear', 'C': 0.1}",0.0,0.0,0.0,0.5
71,0.6032967032967033,svm_poly,0.7521927348014306,0.8833816425120773,1.0,0.0,72,"{'kernel': 'poly', 'C': 100, 'gamma': 0.01, 'degree': 5}",0.0,0.0,0.0,0.5
70,0.6032967032967033,svm_poly,0.7521927348014306,0.8833816425120773,1.0,0.0,71,"{'kernel': 'poly', 'C': 100, 'gamma': 0.01, 'degree': 4}",0.0,0.0,0.0,0.5
69,0.6032967032967033,svm_poly,0.7521927348014306,0.8833816425120773,1.0,0.0,70,"{'kernel': 'poly', 'C': 100, 'gamma': 0.01, 'degree': 3}",0.0,0.0,0.0,0.5
1,0.6032967032967033,svm_linear,0.7521927348014306,0.8833816425120773,1.0,0.0,2,"{'kernel': 'linear', 'C': 1}",0.0,0.0,0.0,0.5
67,0.6032967032967033,svm_poly,0.7521927348014306,0.8833816425120773,1.0,0.0,68,"{'kernel': 'poly', 'C': 100, 'gamma': 0.001, 'degree': 5}",0.0,0.0,0.0,0.5
66,0.6032967032967033,svm_poly,0.7521927348014306,0.8833816425120773,1.0,0.0,67,"{'kernel': 'poly', 'C': 100, 'gamma': 0.001, 'degree': 4}",0.0,0.0,0.0,0.5
65,0.6032967032967033,svm_poly,0.7521927348014306,0.8833816425120773,1.0,0.0,66,"{'kernel': 'poly', 'C': 100, 'gamma': 0.001, 'degree': 3}",0.0,0.0,0.0,0.5
64,0.6032967032967033,svm_poly,0.7521927348014306,0.8833816425120773,1.0,0.0,65,"{'kernel': 'poly', 'C': 100, 'gamma': 0.001, 'degree': 2}",0.0,0.0,0.0,0.5
63,0.6032967032967033,svm_poly,0.7521927348014306,0.8833816425120773,1.0,0.0,64,"{'kernel': 'poly', 'C': 100, 'gamma': 0.0001, 'degree': 5}",0.0,0.0,0.0,0.5
62,0.6032967032967033,svm_poly,0.7521927348014306,0.8833816425120773,1.0,0.0,63,"{'kernel': 'poly', 'C': 100, 'gamma': 0.0001, 'degree': 4}",0.0,0.0,0.0,0.5
61,0.6032967032967033,svm_poly,0.7521927348014306,0.8833816425120773,1.0,0.0,62,"{'kernel': 'poly', 'C': 100, 'gamma': 0.0001, 'degree': 3}",0.0,0.0,0.0,0.5
60,0.6032967032967033,svm_poly,0.7521927348014306,0.8833816425120773,1.0,0.0,61,"{'kernel': 'poly', 'C': 100, 'gamma': 0.0001, 'degree': 2}",0.0,0.0,0.0,0.5
0,0.6032967032967033,svm_rbf,0.7521927348014306,0.8833816425120773,1.0,0.0,1,"{'kernel': 'rbf', 'C': 0.1, 'gamma': 0.0001}",0.0,0.0,0.0,0.5
26,0.6032967032967033,svm_poly,0.7521927348014306,0.8833816425120773,1.0,0.0,27,"{'kernel': 'poly', 'C': 1, 'gamma': 0.001, 'degree': 4}",0.0,0.0,0.0,0.5
27,0.6032967032967033,svm_poly,0.7521927348014306,0.8833816425120773,1.0,0.0,28,"{'kernel': 'poly', 'C': 1, 'gamma': 0.001, 'degree': 5}",0.0,0.0,0.0,0.5
31,0.6032967032967033,svm_poly,0.7521927348014306,0.8833816425120773,1.0,0.0,32,"{'kernel': 'poly', 'C': 1, 'gamma': 0.01, 'degree': 5}",0.0,0.0,0.0,0.5
25,0.6032967032967033,svm_poly,0.7521927348014306,0.8833816425120773,1.0,0.0,26,"{'kernel': 'poly', 'C': 1, 'gamma': 0.001, 'degree': 3}",0.0,0.0,0.0,0.5
7,0.6032967032967033,svm_rbf,0.7521927348014306,0.8833816425120773,1.0,0.0,8,"{'kernel': 'rbf', 'C': 0.1, 'gamma': 4}",0.0,0.0,0.0,0.5
7,0.6032967032967033,svm_poly,0.7521927348014306,0.8833816425120773,1.0,0.0,8,"{'kernel': 'poly', 'C': 0.1, 'gamma': 0.001, 'degree': 5}",0.0,0.0,0.0,0.5
6,0.6032967032967033,svm_poly,0.7521927348014306,0.8833816425120773,1.0,0.0,7,"{'kernel': 'poly', 'C': 0.1, 'gamma': 0.001, 'degree': 4}",0.0,0.0,0.0,0.5
5,0.6032967032967033,svm_poly,0.7521927348014306,0.8833816425120773,1.0,0.0,6,"{'kernel': 'poly', 'C': 0.1, 'gamma': 0.001, 'degree': 3}",0.0,0.0,0.0,0.5
4,0.6032967032967033,svm_poly,0.7521927348014306,0.8833816425120773,1.0,0.0,5,"{'kernel': 'poly', 'C': 0.1, 'gamma': 0.001, 'degree': 2}",0.0,0.0,0.0,0.5
3,0.6032967032967033,svm_poly,0.7521927348014306,0.8833816425120773,1.0,0.0,4,"{'kernel': 'poly', 'C': 0.1, 'gamma': 0.0001, 'degree': 5}",0.0,0.0,0.0,0.5
2,0.6032967032967033,svm_poly,0.7521927348014306,0.8833816425120773,1.0,0.0,3,"{'kernel': 'poly', 'C': 0.1, 'gamma': 0.0001, 'degree': 4}",0.0,0.0,0.0,0.5
24,0.6032967032967033,svm_poly,0.7521927348014306,0.8833816425120773,1.0,0.0,25,"{'kernel': 'poly', 'C': 1, 'gamma': 0.001, 'degree': 2}",0.0,0.0,0.0,0.5
22,0.6032967032967033,svm_rbf,0.7521927348014306,0.8833816425120773,1.0,0.0,23,"{'kernel': 'rbf', 'C': 10, 'gamma': 3}",0.0,0.0,0.0,0.5
23,0.6032967032967033,svm_rbf,0.7521927348014306,0.8833816425120773,1.0,0.0,24,"{'kernel': 'rbf', 'C': 10, 'gamma': 4}",0.0,0.0,0.0,0.5
24,0.6032967032967033,svm_rbf,0.7521927348014306,0.8833816425120773,1.0,0.0,25,"{'kernel': 'rbf', 'C': 100, 'gamma': 0.0001}",0.0,0.0,0.0,0.5
1,0.6032967032967033,svm_poly,0.7521927348014306,0.8833816425120773,1.0,0.0,2,"{'kernel': 'poly', 'C': 0.1, 'gamma': 0.0001, 'degree': 3}",0.0,0.0,0.0,0.5
9,0.6032967032967033,svm_rbf,0.7521927348014306,0.8833816425120773,1.0,0.0,10,"{'kernel': 'rbf', 'C': 1, 'gamma': 0.001}",0.0,0.0,0.0,0.5
0,0.6032967032967033,svm_poly,0.7521927348014306,0.8833816425120773,1.0,0.0,1,"{'kernel': 'poly', 'C': 0.1, 'gamma': 0.0001, 'degree': 2}",0.0,0.0,0.0,0.5
31,0.6032967032967033,svm_rbf,0.7521927348014306,0.8833816425120773,1.0,0.0,32,"{'kernel': 'rbf', 'C': 100, 'gamma': 4}",0.0,0.0,0.0,0.5
30,0.6032967032967033,svm_rbf,0.7521927348014306,0.8833816425120773,1.0,0.0,31,"{'kernel': 'rbf', 'C': 100, 'gamma': 3}",0.0,0.0,0.0,0.5
8,0.6032967032967033,svm_poly,0.7521927348014306,0.8833816425120773,1.0,0.0,9,"{'kernel': 'poly', 'C': 0.1, 'gamma': 0.01, 'degree': 2}",0.0,0.0,0.0,0.5
9,0.6032967032967033,svm_poly,0.7521927348014306,0.8833816425120773,1.0,0.0,10,"{'kernel': 'poly', 'C': 0.1, 'gamma': 0.01, 'degree': 3}",0.0,0.0,0.0,0.5
10,0.6032967032967033,svm_poly,0.7521927348014306,0.8833816425120773,1.0,0.0,11,"{'kernel': 'poly', 'C': 0.1, 'gamma': 0.01, 'degree': 4}",0.0,0.0,0.0,0.5
11,0.6032967032967033,svm_poly,0.7521927348014306,0.8833816425120773,1.0,0.0,12,"{'kernel': 'poly', 'C': 0.1, 'gamma': 0.01, 'degree': 5}",0.0,0.0,0.0,0.5
23,0.6032967032967033,svm_poly,0.7521927348014306,0.8833816425120773,1.0,0.0,24,"{'kernel': 'poly', 'C': 1, 'gamma': 0.0001, 'degree': 5}",0.0,0.0,0.0,0.5
22,0.6032967032967033,svm_poly,0.7521927348014306,0.8833816425120773,1.0,0.0,23,"{'kernel': 'poly', 'C': 1, 'gamma': 0.0001, 'degree': 4}",0.0,0.0,0.0,0.5
21,0.6032967032967033,svm_poly,0.7521927348014306,0.8833816425120773,1.0,0.0,22,"{'kernel': 'poly', 'C': 1, 'gamma': 0.0001, 'degree': 3}",0.0,0.0,0.0,0.5
20,0.6032967032967033,svm_poly,0.7521927348014306,0.8833816425120773,1.0,0.0,21,"{'kernel': 'poly', 'C': 1, 'gamma': 0.0001, 'degree': 2}",0.0,0.0,0.0,0.5
4,0.6032967032967033,svm_rbf,0.7521927348014306,0.8833816425120773,1.0,0.0,5,"{'kernel': 'rbf', 'C': 0.1, 'gamma': 1}",0.0,0.0,0.0,0.5
16,0.6032967032967033,svm_rbf,0.7521927348014306,0.8833816425120773,1.0,0.0,17,"{'kernel': 'rbf', 'C': 10, 'gamma': 0.0001}",0.0,0.0,0.0,0.5
8,0.6032967032967033,svm_rbf,0.7521927348014306,0.8833816425120773,1.0,0.0,9,"{'kernel': 'rbf', 'C': 1, 'gamma': 0.0001}",0.0,0.0,0.0,0.5
5,0.6032967032967033,svm_rbf,0.7521927348014306,0.8833816425120773,1.0,0.0,6,"{'kernel': 'rbf', 'C': 0.1, 'gamma': 2}",0.0,0.0,0.0,0.5
17,0.6032967032967033,svm_rbf,0.7521927348014306,0.8833816425120773,1.0,0.0,18,"{'kernel': 'rbf', 'C': 10, 'gamma': 0.001}",0.0,0.0,0.0,0.5
13,0.6032967032967033,svm_rbf,0.7521927348014306,0.8833816425120773,1.0,0.0,14,"{'kernel': 'rbf', 'C': 1, 'gamma': 2}",0.0,0.0,0.0,0.5
10,0.6032967032967033,svm_rbf,0.7521927348014306,0.8833816425120773,1.0,0.0,11,"{'kernel': 'rbf', 'C': 1, 'gamma': 0.01}",0.0,0.0,0.0,0.5
13,0.6032967032967033,svm_poly,0.7521927348014306,0.8833816425120773,1.0,0.0,14,"{'kernel': 'poly', 'C': 0.1, 'gamma': 0.1, 'degree': 3}",0.0,0.0,0.0,0.5
6,0.6032967032967033,svm_rbf,0.7521927348014306,0.8833816425120773,1.0,0.0,7,"{'kernel': 'rbf', 'C': 0.1, 'gamma': 3}",0.0,0.0,0.0,0.5
56,0.5074725274725275,svm_poly,0.5639653504390346,0.5570038618355924,0.5653333333333334,-0.007196927966172525,57,"{'kernel': 'poly', 'C': 10, 'gamma': 1, 'degree': 2}",0.4444444444444445,0.0,0.4444444444444445,0.4951111111111111
39,0.5054945054945055,svm_poly,0.5645625942684765,0.5528128492834288,0.5573333333333332,-0.008971530574443049,40,"{'kernel': 'poly', 'C': 1, 'gamma': 1, 'degree': 5}",0.4522222222222222,0.0,0.4522222222222222,0.4952222222222222
75,0.47076923076923083,svm_poly,0.45309634809634813,0.4066168190218105,0.3893333333333333,-0.010653187226933994,76,"{'kernel': 'poly', 'C': 100, 'gamma': 0.1, 'degree': 5}",0.6172222222222222,0.0,0.6172222222222222,0.49672222222222223
76,0.5074725274725275,svm_poly,0.5661875726612569,0.560621432895024,0.5733333333333334,-0.011011857803950864,77,"{'kernel': 'poly', 'C': 100, 'gamma': 1, 'degree': 2}",0.44000000000000006,0.0,0.44000000000000006,0.49333333333333335
79,0.49318681318681323,svm_poly,0.5342077856783739,0.5101529360586888,0.5133333333333333,-0.015946069169923808,80,"{'kernel': 'poly', 'C': 100, 'gamma': 1, 'degree': 5}",0.5022222222222222,0.0,0.5022222222222222,0.4922222222222222
59,0.49318681318681323,svm_poly,0.5342077856783739,0.5101529360586888,0.5133333333333333,-0.015946069169923808,60,"{'kernel': 'poly', 'C': 10, 'gamma': 1, 'degree': 5}",0.5022222222222222,0.0,0.5022222222222222,0.4922222222222222
29,0.5973626373626373,svm_rbf,0.7472923019009976,0.8759727711901626,1.0,-0.018736398520057995,30,"{'kernel': 'rbf', 'C': 100, 'gamma': 2}",0.01,0.0,0.01,0.495
21,0.5973626373626373,svm_rbf,0.7472923019009976,0.8759727711901626,1.0,-0.018736398520057995,22,"{'kernel': 'rbf', 'C': 10, 'gamma': 2}",0.01,0.0,0.01,0.495
57,0.4789010989010989,svm_poly,0.5152590089648914,0.4886229016331712,0.5133333333333333,-0.04088494261927021,58,"{'kernel': 'poly', 'C': 10, 'gamma': 1, 'degree': 3}",0.5255555555555556,0.0,0.5255555555555556,0.48055555555555557
77,0.4789010989010989,svm_poly,0.5152590089648914,0.4886229016331712,0.5133333333333333,-0.04088494261927021,78,"{'kernel': 'poly', 'C': 100, 'gamma': 1, 'degree': 3}",0.5255555555555556,0.0,0.5255555555555556,0.48055555555555557
3,0.4989010989010989,svm_linear,0.5652075997617794,0.5674509229200366,0.6146666666666666,-0.041688505065036054,4,"{'kernel': 'linear', 'C': 100}",0.4238888888888889,0.0,0.4238888888888889,0.48072222222222216
37,0.4991208791208792,svm_poly,0.5715459518122057,0.5723341891568897,0.612,-0.04169018360762603,38,"{'kernel': 'poly', 'C': 1, 'gamma': 1, 'degree': 3}",0.42500000000000004,0.0,0.42500000000000004,0.48149999999999993
2,0.5248351648351649,svm_linear,0.6331536997574149,0.6824679981691889,0.7759999999999999,-0.057848779833536944,3,"{'kernel': 'linear', 'C': 10}",0.2733333333333333,0.0,0.2733333333333333,0.4753333333333332
15,0.5681318681318681,svm_poly,0.7219527871061052,0.8372483078944244,0.992,-0.08273053922433,16,"{'kernel': 'poly', 'C': 0.1, 'gamma': 0.1, 'degree': 5}",0.06166666666666667,0.0,0.06166666666666667,0.4731666666666666
33,0.5501098901098901,svm_poly,0.6971772118042142,0.7880924213196656,0.9253333333333335,-0.0927400818384817,34,"{'kernel': 'poly', 'C': 1, 'gamma': 0.1, 'degree': 3}",0.13555555555555554,0.0,0.13555555555555554,0.4695555555555555
73,0.47494505494505496,svm_poly,0.5586270935806539,0.5665087340787825,0.6680000000000001,-0.10488323288063281,74,"{'kernel': 'poly', 'C': 100, 'gamma': 0.1, 'degree': 3}",0.4244444444444445,0.0,0.4244444444444445,0.4537777777777777
17,0.47494505494505496,svm_poly,0.5586270935806539,0.5665087340787825,0.6680000000000001,-0.10488323288063281,18,"{'kernel': 'poly', 'C': 0.1, 'gamma': 1, 'degree': 3}",0.4244444444444445,0.0,0.4244444444444445,0.4537777777777777
1,0.5470329670329671,NB,0.70126792762733,0.81075049934582,1.0,-0.11324538585361013,2,{'NB_Classifiers': MultinomialNB()},0.09333333333333332,0.0,0.09333333333333332,0.4533333333333333
53,0.48175824175824183,svm_poly,0.5855387488328665,0.6149522404611046,0.752,-0.1209683071458964,54,"{'kernel': 'poly', 'C': 10, 'gamma': 0.1, 'degree': 3}",0.36,0.0,0.36,0.4439999999999999
35,0.48,svm_poly,0.5598389323095205,0.5868875367660973,0.7133333333333333,-0.1357727265306004,36,"{'kernel': 'poly', 'C': 1, 'gamma': 0.1, 'degree': 5}",0.3844444444444445,0.0,0.3844444444444445,0.4511111111111111
