,min,prctile5,prctile95,std,MTD,median,skewness,IQR,meanci_1,meanci_2,Diff_median_of_plot,Diff_mean_of_row,prctile33,median_first_ring,median_second_ring,median_third_ring,median_core,CWSI_minus_CWSI_of_row,Type,Y_binary
364,2.560148925781252,2.955884399414064,11.4228388671875,2.617860439204105,11.25701904296875,6.394086914062502,0.43298980958088,3.843291015624999,6.50007752355631,6.83396919882362,-2.73928344726562,-1.107207451973785,3.846466434954056,7.95302978515625,5.112126464843751,3.377736816406252,2.978857421875002,-0.1776264732364332,Clog,0.0
180,-0.7814819335937457,-0.04804736328124903,8.409112304687504,2.624461204429291,12.25834228515625,1.995864257812499,1.158201004571488,3.336633300781259,2.606016482719269,2.928045539977404,1.162058105468759,1.166839770031665,0.4005029296875335,3.154775390625005,1.083771972656251,0.5533813476562557,0.1335717773437537,0.2520462691881461,Control,1.0
119,0.4124877929687543,0.8421076660156217,3.659217285156252,0.8480020710687959,3.989655761718751,1.801319580078129,0.7039617940986016,1.090316162109374,1.876060166235852,2.027535510659142,0.1717175292968705,0.4401797175243871,1.107209121704095,2.196433105468756,1.608747558593755,1.327226562500002,1.142622070312498,0.1040745328703639,Leak,1.0
374,1.424240722656247,2.211611328124995,11.44597900390625,2.845879142265322,12.89267822265625,4.403900146484375,1.099387070721386,3.524219970703122,5.144746588060841,5.404985093431335,-0.03394775390625426,0.7124343022613928,2.711575547647243,5.90265625,3.75480834960937,2.785842285156249,2.037851562500002,0.214561391305173,Clog,0.0
219,0.5693237304687493,1.045081298828123,11.108,3.065467465357835,13.82638427734375,3.113718261718752,1.419169548573034,3.29982543945313,3.995618617546562,4.292925364178139,1.256234130859369,0.5367511118950787,1.626358235677095,4.516877441406251,2.281511230468752,1.459323730468746,1.019541015624998,0.1352168197405555,Control,1.0
139,-0.3592358398437483,0.1170122070312516,3.787329345703128,1.103701660244711,4.763593749999998,1.686571044921877,0.2985946872746992,1.633001708984374,1.70312557258989,1.821069408110667,0.2864660644531227,0.3454313976922379,0.5592611317152247,2.194190673828132,1.240466308593753,0.8933789062500068,0.5531579589843787,0.1380015188978335,Leak,1.0
148,-0.04260498046875227,0.5533027343750021,3.718075683593746,0.9338477649484308,4.553713378906252,1.785355224609376,0.4581439735118041,1.2003857421875,1.856924938592421,1.979520412139927,0.2876818847656182,0.5737548806057049,0.9582077843617682,2.056604003906244,1.531726074218746,1.225500488281241,1.124146728515626,0.1542476572885439,Leak,1.0
302,2.846564941406253,3.369656127929691,11.83616650390625,2.608903291769765,11.23183349609375,6.096970214843754,0.7651911341632196,3.654180908203124,6.414800188004779,6.701929403298838,-0.2982128906250026,-0.3451182053859583,3.943960730067847,7.530776367187503,4.769736328125003,3.73990966796875,3.431651611328125,-0.06238949538691907,Clog,0.0
36,-0.486257324218748,0.3286931152343797,7.766754882812513,2.260400041034552,11.02043212890625,2.503808593750001,0.9329141961086095,3.067548217773442,2.926477220067305,3.195032396969786,0.05411376953125568,-0.5096974517312063,0.891721978081577,3.167922363281257,2.172753906250001,1.705815429687497,0.8255529785156241,-0.05048803134389623,Control,1.0
286,3.276582031250001,4.412417968749999,13.652779296875,2.740201929040329,12.9133251953125,6.179398193359376,1.459936162937292,2.918413085937502,6.941527449304367,7.215280967752513,0.4581799316406219,0.1947762355783027,4.799654989486108,7.435629882812499,5.571918945312497,5.117115478515622,4.765501708984367,0.00736526729957987,Control,1.0
211,-0.10186767578125,0.2225369873046894,11.00526708984375,3.349119137998774,14.38958251953125,2.845383300781254,1.089051342731099,4.363649291992193,3.595037415793943,3.956851351590149,1.424569091796869,0.730725419428623,0.7016260495240552,4.365640869140623,1.440965576171873,0.4976062011718732,0.2191943359375017,0.2917140768312452,Leak,1.0
225,0.9847045898437514,1.772569580078123,9.872840576171871,2.53371615852857,11.41613525390625,4.026110839843756,0.7878463757077703,3.739870605468745,4.651721187466297,4.946194108586386,-0.5107531738281352,-0.08452805160199262,2.36181914633892,6.125455322265626,3.376191406249998,2.510009765625004,1.876319580078121,0.1008884876383325,Control,1.0
327,1.105981445312501,1.632715087890627,11.18676586914063,2.960015215057894,12.85982421875,3.620363769531249,1.254562873353656,3.430067749023436,4.432815504245905,4.731750061344851,2.178393554687503,1.459107631238304,2.046592022386395,4.895811767578127,2.932678222656254,2.06953857421875,1.650516357421875,0.4329297985627414,Leak,1.0
59,0.5626538085937511,0.8231542968750034,3.610992187499996,0.8835903847840478,3.682636718749997,2.000908203125,0.3446724312397625,1.474885253906251,1.98286069764108,2.098085554773384,-0.1278710937500023,-0.03294423816471692,1.060625890010996,2.5224609375,1.596125488281253,1.035714111328126,0.8228613281250006,0.01432180601808891,Control,1.0
111,0.7651025390625037,0.8766796875000011,4.0979892578125,0.9619539603237054,3.553354492187502,2.203861083984378,0.3698132979422228,1.411892089843747,2.158652180467804,2.385801611967018,-0.230823974609379,0.09640152634484878,1.228487681513258,2.660079345703124,1.743815917968753,1.210556640625001,1.134964599609376,0.08972071495344727,Leak,1.0
368,2.067575683593752,2.846609375,10.99083007812499,2.467412588608775,11.87573974609375,4.963616943359376,1.14329173254678,3.092763671875005,5.527513676387436,5.832825916912107,-1.208813476562497,-0.5255623496446589,3.439566620976102,6.51380126953125,4.351251220703126,3.626262207031246,2.827221679687504,-0.2713679578679903,Clog,0.0
168,-2.091066894531249,-0.2962285156249962,3.423299804687503,1.196317029207911,6.37312744140625,1.209847412109376,0.09642454418638598,1.690510253906254,1.309093079485955,1.448009073911344,0.6631896972656222,0.493172646268043,0.1214106535974793,1.381759033203124,1.055872802734378,0.9543347167968719,1.122058105468753,0.2055013090464127,Leak,1.0
6,-0.918259277343747,0.205129882812507,9.794039062500005,2.758214508625035,14.43885498046875,3.357680664062499,1.044482357336521,3.105783691406252,3.830385521734172,4.109217800004927,-0.523885498046873,-0.8413271746670574,1.385411826427308,4.380461425781256,3.006699218750001,2.438464355468753,2.564199218750005,-0.176905959040469,Leak,1.0
283,1.5622021484375,2.330669555664066,11.30669067382812,2.796743932050025,12.510166015625,5.334118652343747,0.7364499739934871,3.954739990234373,5.674688755483565,5.915499168085653,0.5646386718750023,-0.1116316180822565,2.94878643932482,6.5553662109375,4.485529785156253,3.972006835937499,3.017309570312499,0.0632552468359498,Control,1.0
320,2.196940917968753,2.527290649414063,11.45133178710937,2.864107128676423,11.68574462890625,4.902622070312503,0.8727207057009956,4.175877685546872,5.504089667611055,5.791814584438242,-1.047818603515623,-0.9681136121921554,2.900923283540926,6.687731933593753,3.834089355468748,3.205996093750002,2.708878173828126,-0.1844876129272317,Clog,0.0
10,1.878354492187505,2.071760253906255,4.028251953125,0.568521840936073,2.469753417968747,3.003843994140624,0.124348532018733,0.7554541015624991,2.963292655153474,3.073680275010453,-1.030806884765624,-0.6498580425197034,2.394199164496534,3.292805175781254,2.777692871093755,2.559958496093756,2.37256591796875,-0.1575029490276799,Leak,1.0
202,-1.61156494140625,-1.032816894531251,7.463000976562498,2.605521360590581,12.62749267578125,0.724445800781254,1.459240768140879,2.969077148437499,1.404288626386474,1.641134287587903,2.233476562500002,1.740361600609127,-0.6972713706547751,1.824006347656251,-0.009204101562502842,-0.6809863281250017,-0.7426513671874986,0.3803133497822775,Leak,1.0
103,-0.3910717773437469,0.007375488281255116,7.188118652343746,2.206177711748795,11.02997314453125,2.225610351562501,1.127643055397608,2.88046508789062,2.511367714880208,2.717590984456109,0.4323120117187571,0.1061151075960396,0.5113497152673361,3.176259765625005,1.459897460937498,0.6005822753906216,0.3407226562500014,0.08214375205143032,Control,1.0
81,0.1975585937500028,0.4146635742187499,11.15504980468751,3.418009488072368,12.9002880859375,2.292095947265629,1.136316603683921,4.574682617187499,3.379096056800194,3.980956193215476,0.5416992187499972,-0.242699640727075,0.7624773425590661,4.604406738281256,1.326523437500001,0.6334777832031335,0.4842456054687503,0.04976639648318684,Leak,1.0
218,1.12126953125,1.727482910156247,10.25602807617187,2.557387841567161,13.2026708984375,3.759349365234378,1.598208820410748,2.683452148437496,4.341628971477633,4.567514288062128,0.6106030273437426,0.2264514729875486,2.293011236469141,4.992191162109371,3.261683349609378,2.592076416015622,2.174873046875,-0.05933425333160514,Control,1.0
234,0.5195947265624987,0.7859653320312461,11.51784179687497,3.226346553500472,13.56240234375,3.252188720703124,1.157592962203338,4.105898437499999,4.089598251480716,4.394582961543797,0.6026147460937565,0.4069043888606743,1.341639425788138,5.105371093750001,2.366303710937501,2.012493896484372,1.309697265625001,0.2853459183862271,Leak,1.0
323,1.141958007812502,1.93771728515625,11.6655029296875,2.873336613798986,12.9212060546875,5.517298583984374,0.651933933145519,3.880046386718746,5.820033590899879,6.095850838483624,0.2814587402343776,0.08344819934193026,3.035488325558614,6.904417724609377,4.439649658203127,2.95064208984375,1.80806396484375,0.1525208736890335,Leak,1.0
210,0.7239697265624976,1.135749755859372,11.3871328125,3.184356373373722,12.344365234375,3.782906494140626,0.8218879982819667,4.850711669921878,4.659534133378379,4.94548162827882,0.3690539550781224,0.3863282162025143,1.768803183903803,6.022851562500001,2.468564453124998,1.590676269531247,1.698776855468747,0.2675400849344245,Control,1.0
296,0.7267504882812474,1.751640014648434,9.637988281249996,2.44129460824334,11.43882080078125,4.05469482421875,0.8922996925787735,3.445775756835928,4.465887986913778,4.717846205614272,-0.4393371582031307,0.3313342328730755,2.226427751777088,5.247947998046875,3.426499023437501,2.541257324218755,2.729562988281252,0.1798232473146982,Control,1.0
324,-0.02672607421875028,0.6678225097656245,9.346237426757806,2.756692209091805,12.34458740234375,3.086843261718752,0.8460178243984467,3.890792846679695,3.942542954130918,4.102311321066356,0.3285144042968682,-0.04390131854113122,1.46282691884829,5.032476806640627,3.01894775390625,2.204531249999999,1.850041503906251,0.05856508023701044,Leak,1.0
89,-0.03561523437500114,0.4603729248046804,7.887139892578119,2.275682107659192,10.7562890625,1.952963867187499,1.35493241429874,2.685958251953124,2.679858006176289,2.903389762118124,0.8049584960937537,0.3969484575663316,0.8656883790918712,3.188475341796874,1.349274902343744,0.9860473632812443,0.9538964843749937,0.06652630929386533,Control,1.0
245,0.9307983398437507,1.304308105468749,10.67193603515624,2.863357296224539,13.10730712890625,3.225666503906254,1.408604815874098,3.232189941406247,4.005889104898564,4.274230011200906,0.6291369628906267,0.5397789557827579,1.723583304329324,4.428084716796874,2.324492187499999,2.06003295898438,1.671914062500001,0.1694269449416771,Control,1.0
147,-0.8587695312499974,-0.2643981933593764,3.280049560546878,1.094242936359391,5.168076171875001,0.965931396484379,0.6727077163035594,1.561223144531255,1.11651454820543,1.220133645723052,0.907105712890619,0.5795063807308267,0.0648576608395004,1.436595458984378,0.521748046875004,0.3910449218750003,0.8150158691406304,0.1535301705328479,Control,1.0
337,2.720910644531251,3.547651367187498,11.15732421874999,2.332593526572637,10.82805419921875,6.007957763671875,0.8324264113262366,3.052546386718753,6.368836622307121,6.593285905732309,-0.5432556152343793,-0.3609673172847891,4.193746079493593,6.724866943359373,5.7437744140625,4.502769775390625,3.4251708984375,-0.1335925464494765,Control,1.0
92,-0.09739746093750057,0.4904738769531249,8.69710424804687,2.3664155797946,11.44332031250001,3.030642089843752,1.004184942454089,2.9830859375,3.433119767672828,3.666149961104956,0.1272802734375063,0.01961366753054961,1.285451101055585,4.391459960937503,2.378359375000002,1.819180908203123,2.085612792968753,0.07162214755670776,Control,1.0
69,0.895314941406248,1.110876464843749,4.050588378906248,0.9054788745614201,3.562365722656246,2.700078124999997,-0.06247387576096036,1.429484863281246,2.522720467856388,2.63802565673241,-0.6270410156250037,-0.08839550632252013,1.500132413138999,2.939333496093745,2.495806884765628,1.653000488281251,1.408621826171867,0.03682621094828956,Leak,1.0
123,-0.58673095703125,-0.3428889160156245,8.780397949218752,2.777612368803161,10.87791259765625,2.302666015625,0.8153728833299771,3.907153320312503,2.67057594725145,3.338697351780738,0.2552563476562568,0.05493661422649154,0.2932523970170422,3.405935058593748,1.498343505859374,0.5636352539062486,0.02493408203125114,0.1117099171271844,Leak,1.0
96,-0.0008374023437482947,0.3761105957031319,7.896871582031245,2.222270078332183,10.54645263671875,1.984771728515625,1.536191509830097,2.060549316406252,2.512075859528167,2.826908807932,0.6731506347656335,0.3927845767831641,0.8535465333961412,2.723759765625005,1.349007568359376,1.174647216796878,1.183369140625004,0.07548798492410769,Control,1.0
143,-0.9742553710937472,0.001193359375001535,4.088900268554688,1.173441198731451,5.375773925781253,2.265795898437503,-0.3173575148735596,1.580552368164064,2.131920075049209,2.330494425907389,-0.2927587890625034,0.1607703054935854,0.92747374802493,2.348297119140625,1.898374023437505,2.159670410156252,2.763574218750001,0.1421927450323159,Leak,1.0
298,-0.04201904296875014,1.384805664062501,8.439438232421875,2.100832734248887,12.09741455078125,3.474173583984378,1.141244613556967,2.279581298828127,3.986785105958422,4.078097286437259,0.04118408203124346,0.515475640484425,2.148483330241785,3.569487304687502,3.036323242187503,3.084184570312498,5.599890136718752,0.2675474881919775,Leak,1.0
97,-1.290363769531247,0.3573156738281256,3.644486083984376,0.9894186206924968,5.690622558593752,1.683626708984377,0.2053792235145695,1.267874755859367,1.794915247177705,1.897207409750443,0.2894104003906222,0.2614675595784419,0.8467512489720264,1.768903808593755,1.407312011718751,1.954085693359374,2.639821777343755,0.07703072021898924,Leak,1.0
223,0.05450195312500128,0.4159039306640651,11.71155395507812,3.499508721007077,14.0414306640625,2.987275390625001,0.9883322136637054,4.813908081054684,4.13072585032468,4.490653606290508,0.8675280761718795,0.338305267065337,1.159502904256197,5.479470214843751,2.269963378906247,1.47287353515625,1.009133300781251,0.3400971097395724,Leak,1.0
68,0.4889550781249952,1.164209472656246,9.223015625000002,2.462001165062119,11.2684912109375,3.384559326171868,0.959051816218793,3.278479003906249,3.955411763176841,4.221894563075239,-0.1266369628906148,-0.04795532029568506,1.794787822670656,4.115727539062497,2.798865966796868,1.801435546874998,2.587077636718746,0.03631373274244309,Control,1.0
23,0.6338549804687545,1.068697998046879,3.626987915039059,0.7929918649625505,3.635727539062493,2.103503417968753,0.4162077593746492,1.187843017578125,2.14892211189445,2.258920952926857,-0.2304663085937548,-0.3876597999027354,1.365499461780885,2.220034179687502,1.788349609375004,2.201018066406249,1.688873291015632,-0.1007097025257354,Control,1.0
37,-0.06729492187500341,0.623736083984376,10.33649560546876,2.966676423846532,13.38509765625,3.772869873046872,0.7992272293878713,4.056116943359378,4.223929056895926,4.495806207778145,-1.139074707031249,-0.6977832563565514,1.427583124838591,5.439475097656249,2.525725097656249,1.230450439453122,0.494497070312498,-0.04456401305884736,Leak,1.0
144,-1.520922851562499,-0.3581406249999972,8.707562500000002,2.874545346882411,12.29310546875,2.368577880859377,0.6946662492140488,4.282222900390629,2.982565662304431,3.270301673968682,0.08934448242187898,0.003393052667455265,0.2679622684757348,4.275949707031252,1.24829833984375,0.3523291015625034,0.1428369140624994,0.1432036555788204,Leak,1.0
122,-0.9639599609375011,-0.2802347412109398,8.012628662109371,2.527740364493821,11.615185546875,1.371481933593749,1.277488935787516,2.913552856445307,2.177858293350759,2.403135544272651,1.186440429687508,0.4468024149833028,0.1463162006981591,2.766867675781249,0.817442626953131,0.176625976562498,-0.1154809570312452,0.1102130796707195,Leak,1.0
67,0.3636474609375,0.7388457031250013,3.630283203125003,0.9022327419467248,3.930578613281249,1.858442382812505,0.4815152251673594,1.365825195312503,1.89934274235069,2.008822575863043,0.01459472656249261,-0.0124011350586386,0.9965539515398376,2.307932128906252,1.441679687499999,1.070368652343753,0.9793334960937514,0.03489251092940795,Leak,1.0
335,0.2771923828124976,0.8980749511718749,9.386321289062504,2.690010959010844,11.4495263671875,2.707082519531252,1.109410709991709,3.466337890625002,3.488250195741596,3.751736467848414,0.7082751464843682,-0.02115737823577035,1.240433245768859,4.470236816406253,2.011113281250001,1.380490722656248,1.167749023437498,0.0339565357626545,Clog,0.0
314,1.199975585937498,1.94894677734375,10.57046435546874,2.632516564338539,11.9989697265625,4.437070312499998,0.9294465954426737,3.334101562500003,5.082400690481968,5.315752696165013,1.027631835937498,0.9398758977417643,2.734398809379854,5.656945800781251,3.77587158203125,2.54757934570312,2.001726074218752,0.2982835851022282,Leak,1.0
380,1.796364746093751,2.733062988281251,10.1535244140625,2.219831420383817,12.00263916015625,4.29332153320313,1.78666422272383,1.907385253906256,4.879573614526439,5.070204432854258,-0.6385180664062489,-2.248900955920988,3.258759098496551,4.838198242187499,3.85434326171875,3.740187988281253,3.675161132812494,-0.6317424828750708,Clog,0.0
312,2.221684570312497,2.638794555664056,11.23360620117187,2.668548696709889,11.344287109375,4.958188476562498,0.9424316086479481,3.591859741210939,5.511510327305935,5.766071733396892,-0.8062280273437494,-0.07167894013834086,3.115859812527987,6.053457031249998,3.71074096679687,2.944416503906247,2.643720703124998,-0.006026969543832528,Clog,0.0
387,0.7433496093749987,1.369100341796873,11.55704980468749,3.058594704723962,13.2429541015625,3.916455078124997,1.081992872042228,3.777285766601565,4.605328116231483,4.885552425614101,0.5931909179687551,0.5975808851333966,1.926104907831863,5.230061035156247,3.094387207031247,1.706059570312501,1.353310546875001,0.2191473118140884,Leak,1.0
125,-2.305563964843749,-0.4508544921874957,8.93073974609375,2.843452996468273,13.17509521484375,2.536657714843749,0.5990245076841729,4.140249023437505,3.213959125151703,3.457327977247829,0.02126464843750853,-0.105816830395753,0.5287061040088119,4.517512207031253,1.577143554687503,1.49999267578125,1.078764648437499,0.1121220543156117,Leak,1.0
146,-0.8810961914062503,-0.369475097656256,3.194002075195307,1.093697150711367,5.171584472656249,0.7553955078125014,0.7854090309720257,1.5809326171875,0.9475498812494365,1.064993317925577,1.117641601562497,0.6841191178839239,-0.06579171870575351,1.281967773437501,0.396738281250002,0.198994140625004,-0.278544921874996,0.1530418916121367,Control,1.0
228,1.417668457031247,2.073237304687503,11.27741015625,2.774972426497099,12.55758056640625,3.948674316406247,1.287538099803198,3.542985229492189,4.802017477448317,5.085866990096122,-0.1938708496093682,-0.3641037199397275,2.570672403551846,5.380815429687495,3.349450683593751,2.734479980468748,2.620593261718746,-0.1065240878799641,Clog,0.0
86,-0.1022265625000003,0.4315161132812548,6.731644287109383,1.986750739928769,10.634765625,1.946989746093749,1.56305934780934,2.166188964843748,2.364053680482215,2.62115239543499,0.6109326171875082,0.5594787069862193,0.8058478666606632,2.654611816406252,1.344233398437503,0.9672192382812526,1.562687988281255,0.06314493814916783,Control,1.0
331,2.6930810546875,3.223522949218751,11.6507421875,2.540058603550486,11.2235205078125,5.91447021484375,0.7861182732874216,3.547697753906249,6.324855029412472,6.611381092908044,-2.259666748046868,-1.275778266699177,3.945026231349875,6.840432128906247,5.198986816406251,4.082203369140625,3.700935058593753,-0.4157786581042349,Clog,0.0
198,-2.078432617187499,-0.8764340820312491,8.595787109375003,3.029366870022202,13.7314111328125,0.8155529785156261,1.214062651562857,3.66335571289062,1.883483722240555,2.191576935547673,2.342369384765632,1.078503105147412,-0.4791107563088275,2.132274169921878,0.1706396484375006,-0.07364746093749375,-0.738892822265619,0.3367482995495814,Leak,1.0
332,1.602038574218749,2.370011596679685,12.90810205078124,3.178146716285059,14.68974365234375,5.718811035156246,0.8148741729667756,4.309862060546877,6.400766359885932,6.646102661932186,0.7187670898437517,1.292278332959825,3.433458885228685,5.11559936523437,5.585705566406251,5.209943847656252,7.014519042968747,0.5964659018447755,Leak,1.0
194,-2.129287109374999,-1.673029785156249,7.6794970703125,2.959184751052411,13.036708984375,0.02751708984374801,1.303091908791749,3.585051269531249,0.9410789159898414,1.213914838865996,2.530405273437509,1.261507238116351,-1.411399261116774,1.590083007812503,-1.040021972656248,-1.310207519531247,-1.128674316406254,0.3164284182449318,Leak,1.0
253,-0.2110351562499986,0.2987697753906247,10.18751013183593,3.058549455554007,13.285888671875,2.187170410156252,1.293054766336247,3.606424560546873,3.173483936855778,3.452185756820757,1.864790039062498,1.100170020747093,0.7352553127556973,3.951420898437501,1.224576416015626,0.7787255859375009,0.4945043945312513,0.3912340890945883,Leak,1.0
297,3.729177246093752,4.509333496093742,11.91408203125,2.364630439404596,10.47789794921875,6.298483886718753,0.8870904556687358,3.586681518554691,6.93862877218854,7.193698687007018,-1.588837890625001,-1.05012333659279,4.851191959337452,7.677114257812502,5.39371826171875,5.001538085937501,4.725935058593752,-0.5158918609875274,Clog,0.0
183,-1.596171875,-0.9806816406249936,7.51059619140625,2.564070513809548,12.295078125,0.6998754882812506,1.498667927486357,2.757639160156252,1.414132454388294,1.665126206371113,1.858046875000007,1.422389271995598,-0.5913170741819229,1.809216308593754,-0.1444067382812477,-0.1155468749999997,-0.4370385742187537,0.2567878575443442,Leak,1.0
196,-1.087927246093749,-0.5350952148437464,3.498674316406252,1.260268596952799,5.484013671875005,0.6168627929687531,0.7819643687147797,1.889879760742183,0.8842601582903598,1.038898797064604,1.356174316406246,1.080102046370747,-0.2636843709550334,1.681361083984378,0.01141967773438068,-0.2336547851562472,-0.1450659179687506,0.3197960475987186,Leak,1.0
278,3.766901855468749,4.378913574218753,13.004677734375,2.712663038523605,10.40409912109375,6.985804443359374,0.6720094093179299,4.153902587890627,7.460809154687066,7.72684662229042,-2.276158447265622,-1.945589954066612,4.884995399243909,8.853317871093747,5.884061279296869,4.914338378906248,4.74953125,-0.597700162799631,Clog,0.0
222,0.2475146484375017,0.7042784423828152,10.47138354492187,3.013021867111328,13.7478271484375,2.992275390624997,1.264926234440045,3.326381835937497,3.828418638086603,4.122900948811093,0.8625280761718841,0.7041787203836449,1.364178425494856,4.624906005859373,1.939016113281252,1.126726074218752,1.924656982421872,0.2774659320096328,Control,1.0
277,2.666528320312501,3.517446289062498,13.1935400390625,2.84914303270685,13.545478515625,6.052744140625002,1.188142053851333,3.308754882812501,6.722361119201693,6.975433539752643,0.5848339843749955,0.583912607390701,4.290376982740796,6.744687499999998,5.69774658203125,5.216171875000001,5.795466308593745,0.1294286891033046,Control,1.0
129,-0.439616699218746,0.5505804443359352,8.426372070312503,2.332774616431554,11.77920166015625,2.795986328125004,1.090503122285496,2.76999389648438,3.307260360352963,3.547188418776152,0.3619360351562548,0.5045234216268994,1.282008804321279,3.092321777343756,2.895178222656256,2.05916381835938,1.845034179687502,0.1155197931725689,Control,1.0
38,0.02778076171875199,1.058632202148438,3.853886352539064,0.871978524637695,4.270520019531247,2.164484863281253,0.2980059430648043,1.266652221679685,2.206271413843766,2.311228673431302,-0.2914477539062545,-0.2512211555950188,1.325066863926743,2.501875000000005,1.987954101562501,1.799124755859374,1.597817382812501,-0.04059604306034695,Control,1.0
11,1.483674316406251,1.659921020507817,3.949593994140621,0.7212793059912045,2.826723632812502,2.570207519531252,0.3384389047289372,1.17203735351562,2.616406450245364,2.710831550745297,-0.6971704101562537,-0.7267250308590718,1.884535927306928,3.048559570312499,2.232841796875,1.840616455078127,1.73064453125,-0.1568155975812379,Control,1.0
265,1.388676757812497,1.798338378906248,10.97845166015625,2.935169582515958,13.008359375,3.127735595703122,1.525480952351777,3.132331542968743,4.205596593649823,4.533184516502637,1.242216796874999,0.3116325476811994,2.086189395680108,4.670052490234376,2.607207031249999,2.160534667968747,2.088076171874995,0.001023100512838826,Leak,1.0
185,-0.9878222656249989,-0.5155773925781233,7.519930419921877,2.452719180995843,12.1046435546875,1.610617675781249,1.311964913630947,2.9055859375,2.091927090387493,2.330979542400904,1.347304687500007,1.150823594119046,0.01532835316881176,2.214389648437503,0.7289794921874986,0.109222412109375,-0.08843017578124801,0.2704705970219057,Leak,1.0
284,1.789484863281253,2.11160034179688,11.8069267578125,2.948721170758748,12.18685302734375,4.504780273437504,1.035166735908505,3.869986572265624,5.24168742233617,5.509012627430948,0.1048657226562497,0.0676711311726308,2.656863448750983,6.134487304687504,3.351267089843752,2.529414062500003,2.280512695312503,0.02130708379724677,Leak,1.0
112,-0.08444335937500114,0.3413902587890618,3.553416015624997,1.010849495745488,4.389895019531252,1.4840087890625,0.5540716921765015,1.55037475585938,1.636905327029837,1.755807546924245,0.389028320312498,0.1753672859896511,0.6599579705594181,2.011300048828126,1.006696777343748,1.033903808593749,0.7820788574218724,0.0936583528034235,Control,1.0
179,-1.516462402343748,-0.2174868164062502,3.483838623046879,1.095710526519106,5.892226562499999,1.104908447265629,0.6574643557658595,1.483769531250005,1.198646290329876,1.296832556592378,0.8681286621093705,0.8202219921556662,0.1221402634246473,1.26527221679688,0.7432788085937503,0.9137072753906281,1.162563476562504,0.2519089639100616,Leak,1.0
340,2.224116210937503,2.561293457031248,10.51796118164062,2.415461953181529,11.66785644531249,4.592302246093752,1.254615411614395,2.80335815429688,5.173204850351631,5.405488064170974,-0.737498779296871,-0.6095079434288095,3.109749584649634,5.710805664062498,4.249173583984373,3.596760253906247,3.019105224609376,-0.2472618916685169,Clog,0.0
255,0.1004565429687503,0.6392089843749993,11.86989379882813,3.407948127530957,14.22030029296875,3.680144042968752,1.002121138964192,4.522297363281254,4.38055829500205,4.694336386902254,0.5898083496093705,0.3205489901352578,1.358626307517731,5.428139648437497,2.3622705078125,1.529362792968751,1.423841552734377,0.1995072378156114,Control,1.0
117,-0.07156494140624403,0.7296489257812553,7.961564697265622,2.090404268357,11.13400146484375,2.612058105468755,1.528606584145328,1.990946655273433,2.958823718400239,3.161998980053582,0.5458642578125037,0.6745646610549443,1.254856156700193,2.736354980468754,2.395672607421879,2.209345703125003,2.646585693359377,0.1010812282632707,Leak,1.0
361,2.62732666015625,3.472723144531251,13.8271103515625,3.140339154118946,13.69623291015625,6.086240234375005,1.07267818762313,4.00091552734375,6.771010214687948,7.10195284926624,0.5513378906249926,1.133062201842208,4.044166278463514,7.678891601562498,5.073725585937495,4.144982910156251,3.577597656249999,0.3961332343311401,Control,1.0
272,0.7311547851562494,1.46623547363281,10.35985449218748,2.768648626413196,13.61672119140625,3.046840820312497,1.492951969628317,2.995427856445318,3.945910925089215,4.206947489144646,1.323111572265624,0.6478181289325704,1.843008992584252,4.778654785156249,2.230249023437501,2.047453613281249,2.310729980468743,0.1116788925252964,Leak,1.0
377,1.777111816406251,2.971728149414066,10.8674716796875,2.367451814242203,12.13744384765625,5.274853515625001,1.111767932520111,2.693444824218744,5.740229624208776,5.956073759624982,-1.620050048828119,-0.6558118974557985,3.679582335726533,6.284372558593748,4.5943798828125,4.079287109374999,3.261820068359373,-0.3405100610357034,Clog,0.0
282,0.5764892578125007,1.19009765625,9.878054199218756,2.858047708641629,11.263427734375,3.627415771484376,0.6975141154824183,4.524592285156253,4.367013748827983,4.587426489398904,-0.1120581054687548,0.04349791206431064,1.679006021372167,4.045858154296877,4.087226562499996,2.243566894531245,1.82827392578125,0.2105058124576422,Leak,1.0
355,1.908393554687503,2.514709716796876,11.07292138671875,2.766134170669369,11.878115234375,4.635933837890622,0.925773446355625,4.018525390625001,5.410232099787496,5.682538235220253,-0.9811303710937409,-0.3540453730427942,2.962549964963014,6.753089599609371,3.505917968750001,2.78758422851563,2.874327392578127,-0.1371901825606103,Clog,0.0
164,-0.572846679687494,0.1763607177734414,6.988838500976556,2.046553903605243,11.787412109375,1.929760742187504,1.651845338142077,2.018553466796867,2.279424542069918,2.474651872935198,1.228161621093754,0.957747680931341,0.6259922916317251,2.203021240234378,1.284754638671885,2.074990234375008,2.047082519531251,0.1929731574498767,Leak,1.0
246,2.97265625,3.309823730468743,9.659554321289065,1.956126015569247,8.941899414062497,4.874531249999997,1.020422188631093,2.711654663085938,5.381091201346813,5.590672717399634,-1.259173583984378,-0.5626806302361231,3.668769354895602,6.078697509765625,4.14990966796875,3.731037597656247,3.629733886718746,-0.2410990410271193,Leak,1.0
136,-0.0327929687499946,0.2176357421875039,3.630869140625002,1.003541621886544,4.415627441406251,1.395781249999999,0.7160322312576676,1.310827636718749,1.535199123165604,1.665348050346957,0.5772558593750006,0.4366203828799797,0.6026918282414044,1.945632324218749,1.016003417968754,0.9553186035156287,0.6591162109375048,0.1287590836330014,Leak,1.0
154,-1.298735351562499,-0.0988903808593804,8.224064941406255,2.600957063040319,12.0609423828125,1.259035644531252,1.334538853775868,2.985104370117185,2.205028523399434,2.445168322925895,1.298886718750005,0.9047282976413484,0.2065945946610199,2.893046875000003,0.7249194335937474,0.4938183593750054,0.3498657226562543,0.1675132631475389,Leak,1.0
199,-2.113339843749998,-1.24988720703125,3.226027832031249,1.378656533954663,6.415419921874999,0.3291247558593753,0.5574667398084194,1.988691406250002,0.4753040362134087,0.6974959526069924,1.543912353515623,1.253873393715594,-0.8284244334941064,1.241762695312502,0.006676025390625284,-0.5640686035156222,-0.798325195312497,0.346542177379899,Leak,1.0
197,-0.8286206054687497,-0.3452821044921848,8.137459716796876,2.612755849357832,12.07850341796875,1.151401367187503,1.450126081250268,2.925635375976555,1.978489024289658,2.242178583177434,1.806520996093752,1.707226268153818,-0.019575156171733,2.533991699218753,0.5615380859374994,0.3012731933593784,-0.23291015625,0.3334787823185348,Control,1.0
385,0.5927905273437517,1.217737915039063,11.908248046875,3.460860170602456,13.28422607421875,3.494990234374999,0.8686894276410377,5.105802001953123,4.63601884489935,4.982330859780941,0.1598132324218824,0.4076468727896767,1.629976900540878,6.332758789062499,2.172121582031256,1.405794677734374,1.493100585937501,0.2733663741854772,Leak,1.0
2,0.9138671874999957,1.444200683593749,9.122904296874992,2.271988281331211,10.044306640625,3.720135498046872,0.9493599933785001,2.865034179687498,4.111614555759481,4.41680568286943,-0.9622131347656193,-1.359423526571284,2.09908812610815,4.751240234374997,3.275673828124994,2.665665283203126,1.750349121093748,-0.2102995854711772,Control,1.0
204,0.3870117187499993,1.073467529296874,10.20407641601562,2.771470751675927,12.9737890625,3.131933593749999,1.23698312062628,3.132872924804687,3.950595581676893,4.212201082403709,1.02002685546875,1.107437764990813,1.733214937979724,4.382695312499997,2.593547363281246,1.849572753906248,1.350347900390624,0.2779258949811194,Control,1.0
115,-2.873706054687499,0.009025390624998408,10.2501650390625,3.16097192858068,16.1981982421875,2.267376708984372,1.086028060722313,3.599749755859378,3.239797910565031,3.557449855644393,0.3664184570312514,0.02646457127190871,0.6737807966653122,3.452390136718748,1.703139648437499,1.506259765625003,1.847285156250003,0.09915196954014711,Leak,1.0
227,-0.3131958007812514,0.3083208007812495,10.14675,3.003349038202028,13.15469970703125,2.279262695312497,1.304785979490182,3.394453124999998,3.202197715632245,3.460610667578813,1.372697753906252,0.6816006759798299,0.8036204310826065,3.754886474609371,1.50286865234375,0.8782055664062476,0.1677734374999993,0.2506335478424084,Control,1.0
231,0.40460205078125,0.7656176757812503,11.35140625,3.348153837413232,14.10968505859375,3.011688232421875,1.146090374530185,4.24245849609375,4.08468695632677,4.420487733471141,1.458264160156247,1.086608381363774,1.32410666286356,4.947939453125002,1.89971923828125,1.292451171875001,1.100958251953124,0.4902155487445554,Control,1.0
26,0.4256420898437483,1.278552246093746,9.417824218749999,2.430600910006932,12.89959716796875,3.603441162109377,1.336928651785525,2.707951660156255,3.988742982340327,4.202562909652229,-0.9696459960937531,-0.3158064296004213,1.891180546458209,3.83121215820313,3.521315917968749,2.292569580078123,2.160485839843751,-0.08431961509743574,Leak,1.0
120,0.7579443359374949,1.044026977539062,3.974935668945314,0.9324941053783059,3.747753906250004,2.44715087890625,0.08608052749259415,1.554078369140626,2.383635237978226,2.489839576252876,-0.374113769531256,0.2294699414949193,1.361761306451278,2.547456054687501,2.260432128906245,1.820452880859371,1.491992187499996,0.1058939106946743,Leak,1.0
301,2.071779785156252,2.354277832031251,10.72905212402343,2.554567874590176,11.92342041015625,3.820471191406249,1.647819630801202,2.395280761718737,4.498842318427911,4.883820942974431,0.6891748046875037,0.6516895253550175,2.720748530796598,4.673124999999999,3.120441894531254,2.927790527343753,2.823640136718751,-0.01972671901024464,Control,1.0
224,2.474653320312502,3.022929199218755,9.216979003906257,1.900751967930286,9.253666992187497,4.761375732421879,1.084168000565413,2.52423095703125,5.144819947224168,5.369105825196105,-1.246018066406258,-0.5425332897857871,3.488446101776535,5.892285156250001,4.168417968750003,3.901784667968752,4.216372070312499,-0.2185749912872055,Leak,1.0
261,2.140476074218746,2.838967285156251,10.68114624023438,2.380388475212582,11.15009033203125,5.883454589843751,0.6240933634361325,3.255174560546877,6.027649184919717,6.275478311504095,-0.4187524414062551,-0.03146980147698031,3.684270373509129,6.788540039062504,4.946940917968746,3.474416503906248,2.819995117187496,0.01508906930221354,Control,1.0
262,0.4684252929687496,1.063258300781253,10.33997351074219,2.826439471377806,13.42830810546875,2.58595703125,1.664323574038105,2.691325073242187,3.436735569106087,3.714540656470685,1.068846435546881,0.249835335288509,1.385233753044805,3.532187500000003,1.950712890625002,1.567595214843752,1.708955078125001,-0.08436711556725401,Control,1.0
310,2.744833984375003,3.727954589843744,10.98440234375,2.304769643498249,10.7088134765625,5.81728759765625,0.7827843370992777,3.442033691406245,6.350884267607949,6.591009950288107,-1.865327148437501,-2.157942241362669,4.20786563710271,7.280197753906247,5.351636962890627,4.260075683593751,3.773557128906251,-0.5996439986104017,Clog,0.0
338,2.21059814453125,3.05291845703125,13.63774682617188,3.310183997872328,13.93857177734375,6.077724609375,0.829159876706236,4.749662475585936,6.755620611802893,7.105348054633506,0.4598535156249994,0.5077266632008914,3.704061550266136,7.764035644531251,5.1265673828125,3.544472656249997,3.44226684570312,0.3723372073511633,Control,1.0
127,-0.9513916015624986,0.06688793945313165,3.8816435546875,1.186041463387374,5.33898193359375,1.867663574218753,0.002009743567758085,1.889570312499998,1.915217212747081,2.081093103619537,0.1053735351562466,0.03873881145295144,0.6762739633413446,1.926286621093752,1.82080078125,1.607731933593755,1.461392822265623,0.113153811394963,Leak,1.0
74,-0.2667895507812474,0.3189920654296898,3.58163781738282,0.9892160143609923,4.525141601562495,1.678115234374999,0.3548866512379584,1.510623779296878,1.687555888451499,1.806624648832468,0.1949218749999986,0.1086919566223727,0.668418601707188,1.778544921875003,1.792529296875003,1.206171875000003,0.7091796875000043,0.0431244954861067,Control,1.0
317,2.831926269531248,3.748862915039066,11.96187255859376,2.445017010137415,11.01916259765625,6.957768554687501,0.5516624519696616,3.309406127929691,7.06587156244743,7.332453975981654,-1.159011230468749,-1.615700425512188,4.642333566991734,7.864833984375,6.30363037109375,5.960305175781247,5.829042968750006,-0.4339367373599454,Clog,0.0
29,0.8850781249999997,1.595179199218748,9.118905273437498,2.45296658892918,10.42939453125,3.819140625000003,0.7030902541162827,3.866050415039062,4.336511258771729,4.618033516076018,-0.8612182617187472,-0.9422963771420214,2.063949771545111,5.059711914062497,3.065533447265622,2.269044189453126,1.912125244140626,-0.07485239515594366,Leak,1.0
83,0.07884277343750057,0.7999161376953126,7.988432617187506,2.193827922785618,10.963310546875,2.379077148437503,1.357209260971942,2.368078002929693,2.999160058201923,3.242533235600405,0.5788452148437528,0.6130241344788345,1.268757389244108,3.419134521484374,1.641217041015622,1.635053710937498,1.550430908203126,0.05913735751634475,Leak,1.0
325,-0.8384179687499973,-0.5414394531250011,9.172136718750004,3.019095672893562,13.278408203125,2.147598876953126,1.007730609563806,4.052673339843746,2.698058857356934,2.975804602231143,0.8632995605468778,0.2464946785675508,-0.04501667480466409,3.456823730468749,0.5046655273437537,0.1378063964843754,-0.2453540039062503,0.1613600624059045,Leak,1.0
107,-1.611647949218746,0.448801269531252,3.721981201171872,1.014505462627321,6.020983886718749,1.890908203125001,-0.06494606185890844,1.361700439453131,1.902900316986965,2.002395337309885,0.08212890624999858,0.1864542241743266,0.8832997131347895,2.070798339843755,1.87873657226563,1.7516552734375,1.603164062499999,0.08548498706039448,Leak,1.0
365,1.517998046875,2.336594726562499,11.68527441406249,2.956260396705991,12.6521630859375,4.545834960937501,1.07704995877349,3.627661132812499,5.319063996861519,5.605954885936615,-0.3758825683593798,0.3247907016084142,2.786417569247138,6.045710449218749,3.462010498046876,3.072199707031249,2.784718017578125,0.1570948603607917,Clog,0.0
250,0.5833349609374991,1.063276855468747,11.449880859375,3.114367427086537,13.312392578125,2.409858398437496,1.655913936083471,2.830676269531249,3.505458253894179,3.816188514100862,1.244945068359385,0.1646500640793747,1.333684876685027,3.84286865234375,1.694921875000002,1.462258300781251,1.472081298828126,-0.06975004707167515,Control,1.0
133,0.3101464843749966,0.6177026367187466,7.731059570312503,2.169749866788966,10.2116796875,1.752893066406251,1.667633199253478,2.040141601562503,2.443877499216427,2.768237119499673,1.205029296875004,1.127813472021948,0.9398943128084056,2.676756591796874,1.306748046875001,1.482871093749999,0.9987622070312483,0.1198668728644012,Leak,1.0
244,1.62122314453125,2.975682128906247,10.8203779296875,2.35142193521731,11.63937744140625,4.832705078124999,1.217007572462168,2.680151367187499,5.359952865440103,5.607042642652527,-0.8807446289062497,-1.277166778130272,3.39989434018344,5.351525878906248,4.391960449218747,3.599543457031249,3.42795166015625,-0.4023403621695821,Clog,0.0
184,-0.2380419921875045,0.1336181640624972,3.817427368164061,1.114489257256155,4.739934082031255,1.446267089843744,0.601637851512308,1.615575561523436,1.578713170460652,1.706293291474218,0.62677001953125,0.7286352054149958,0.5051045525934015,1.981601562499996,0.9796093749999955,0.5505664062499989,0.8753442382812437,0.2698412814815182,Leak,1.0
285,1.869384765625004,2.884273071289062,9.520483520507813,1.878688619521867,10.1728955078125,4.871237792968753,1.141904235191504,2.072734985351559,5.143886190554856,5.346538130649368,-1.355880126953132,-0.5307825641777626,3.515769037382018,5.646557617187501,4.139843750000001,3.330964355468748,4.005325927734379,-0.2263226135332892,Control,1.0
44,0.3615747070312523,0.8933713378906276,8.664427490234374,2.488212125895831,10.31887939453125,2.486027832031247,1.07366882925811,3.276738281250005,3.29118962719587,3.516705692916538,-0.02810546874999176,-0.2541957278280762,1.22712452515043,3.999283447265626,1.62158203125,1.170725097656252,1.33614135742188,-0.02915243874677925,Leak,1.0
360,2.554885253906246,3.257042236328129,13.43232666015625,3.07842545898607,13.53141845703125,5.708634033203122,1.121605408718975,3.851953124999994,6.488790370349864,6.837492604910469,0.7289440917968761,1.152571356238717,3.895811249704064,7.252402343750003,4.711527099609373,3.764152832031247,3.620178222656246,0.4485899020987723,Control,1.0
65,-0.3385546875000003,0.224307128906247,8.418877929687497,2.541504041967245,11.3646435546875,2.901208496093751,0.748659363732404,3.711700439453125,3.295795029830337,3.544424778719609,0.05671386718750426,-0.2801819152948539,0.860198337820762,4.296579589843752,2.259309082031251,1.057783203124998,0.1781677246093736,0.03127226804415476,Leak,1.0
291,3.908728027343749,5.154540893554689,11.60401831054687,1.963162687619823,9.349050292968748,7.49139404296875,0.6154972117116854,2.703533325195309,7.636364678186595,7.857906938658402,-2.026691894531254,-1.608183217357244,5.732569809533622,8.220988769531246,6.704644775390626,6.15530151367188,6.790556640624999,-0.5766804286211589,Clog,0.0
85,0.5618310546875023,0.6707666015625051,3.671411865234369,0.9403003578042164,3.735043945312498,1.775991210937498,0.4881940003870502,1.525218505859385,1.860065788033772,1.993279809551289,0.0970458984375,0.04128861682426077,0.9366042837512438,2.437834472656249,1.394987792968749,0.9005798339843736,0.6972583007812503,0.06128103734979426,Control,1.0
242,-0.5297998046874994,0.03489111328125105,10.9552958984375,3.279255230421324,14.4322314453125,2.295380859375005,1.388708416305104,3.30099853515625,3.255169814687218,3.539522680291594,1.359422607421877,0.4281272005874897,0.6917070493345108,3.733756103515621,1.414190673828127,0.7016723632812507,-0.04554321289062457,0.1122875556402108,Control,1.0
186,-0.9242919921874986,-0.13664050292968,7.477022460937505,2.246031089441789,11.95859375,1.548627929687505,1.5585355418432,2.272128906250003,2.080649278326717,2.332655339703933,1.609294433593753,1.467298908655181,0.3261486997698952,2.336132812500004,0.9949316406250048,0.6673217773437514,0.9209985351562509,0.2798143699692967,Control,1.0
70,-0.6080712890625009,-0.2450585937500023,6.784414062499998,2.206771132149341,11.1520166015625,1.172166748046877,1.592062184630925,2.011254882812501,1.800365288468321,2.084392592286072,1.285755615234379,0.4755439957408001,0.1776719799725299,2.140192871093753,0.7513500976562497,0.1493457031250003,0.2401916503906278,0.0392889276681217,Control,1.0
159,-0.1698852539062514,0.3378974609374978,8.151355468749998,2.440018908102406,11.42638427734375,1.923237304687504,1.376660809410212,2.887446289062503,2.56560629139112,2.912650711151585,1.034685058593752,0.7958475090104997,0.6825902153106114,2.547197265625002,1.608542480468749,0.9947521972656261,0.8406909179687503,0.1802364317222211,Control,1.0
12,0.5284472656250045,1.154995727539067,8.966677001953123,2.480169025146742,10.32113769531249,3.222868652343749,0.8214018058057788,3.699168701171878,3.838800074924123,4.115494242224216,-0.6649462890624918,-1.239847824779162,1.621352227902875,4.564477539062501,2.310122070312502,1.566837158203128,1.811933593749998,-0.1434382995766289,Leak,1.0
35,0.2287817382812491,0.7220063476562473,3.665946289062504,0.8941276976691238,4.07086181640625,1.857875976562504,0.4255533687666139,1.330349121093747,1.933785663214451,2.037611518094437,0.01516113281249432,-0.1496387229786365,1.037283919357165,2.348627929687503,1.444736328125003,1.161026611328126,1.372507324218752,-0.0580228591105031,Control,1.0
28,-1.367673339843751,0.1099567871093754,9.824893066406247,2.8456772499871,14.88221435546875,2.3620068359375,1.427572627516879,2.766773681640622,3.151553015944309,3.40258351658202,0.571788330078121,-0.1586610427057664,0.9007388923504251,3.3043212890625,1.687143554687495,1.739324951171874,1.388518066406249,-0.07521483933811887,Leak,1.0
170,-0.2336694335937466,0.1007531738281244,7.660518798828122,2.448538800675009,11.03946044921874,1.347937011718749,1.342763125205048,2.93084716796875,2.246791341387684,2.503166737371636,1.609985351562507,0.759806849054236,0.3724795934293894,2.677069091796881,0.7752209472656233,0.5979125976562472,0.481220703125004,0.2088122980559106,Control,1.0
142,0.009570312500002842,0.596395263671873,9.623491210937502,2.896512949723985,11.381904296875,3.141123046875002,0.730933068841306,4.469633178710936,3.672223420769754,4.046034307270901,-0.1832006835937463,-0.04156879213296349,1.019724649398071,5.052932128906249,1.576520996093748,1.151499023437502,0.8057690429687483,0.1415564352504118,Control,1.0
367,1.676091308593751,2.325252075195312,13.77266845703125,3.41313237912186,14.64361572265625,5.593635253906253,0.960153069268547,4.327698974609369,6.24387995346272,6.60370078393019,0.9439428710937463,0.9575696040729156,3.173291720801434,7.673469238281246,4.484704589843748,3.056650390624998,2.625073242187501,0.4560843245877983,Leak,1.0
316,1.29400634765625,1.832525390624998,10.7412578125,2.794304057103166,11.79737060546875,4.193316650390621,0.8928587560672955,3.966679687499997,4.970670379493832,5.275453795635464,1.271385498046875,1.015890503500607,2.516116122886764,5.855412597656247,3.382181396484377,2.550280761718746,1.970738525390622,0.3619855872530471,Clog,0.0
221,0.9344262695312509,1.339527587890629,10.12238073730469,2.655477092928978,13.07017822265625,3.267001953125003,1.552544490444937,2.722424316406247,3.92466374317884,4.188331047445118,0.5878015136718773,0.6233411185205142,1.84696290010617,4.345288085937497,2.742951660156251,1.843736572265627,1.53784912109375,0.1323383929002797,Control,1.0
95,-0.02123535156250256,0.4719609375000005,7.852207031249989,2.28360538770851,10.7559912109375,1.947318115234374,1.493965593640493,2.305397949218751,2.582561027568623,2.806100388604968,0.8106042480468787,0.4942416336267428,0.8181313154112928,2.930529785156246,0.9667724609374986,1.696589355468745,2.048116455078123,0.07499563884902205,Control,1.0
51,0.5591284179687506,0.7915272216796936,3.723875122070318,0.8673063797030326,3.696701660156251,1.918540039062499,0.4582353906227563,1.238646240234381,2.025036296975728,2.130632803421392,-0.04550292968750114,-0.1361530261503319,1.173334021387582,2.387224121093752,1.730953369140629,1.215971679687499,0.7936718750000011,-0.001820336751552992,Control,1.0
240,1.985029296874998,3.232012207031246,13.480841796875,3.09145400852813,14.29193359375,5.502229003906244,1.280823095761412,3.3223876953125,6.38330963618273,6.713914575602217,1.135349121093753,0.7245683382142687,3.924557192690763,6.242153320312497,5.290056152343745,4.301950683593752,3.251992187500001,0.3063781824526125,Clog,0.0
371,-0.8126318359374984,-0.4200834960937492,8.824209838867176,2.847013041227597,13.3382763671875,1.741855468750003,1.254183763307207,3.548443603515622,2.444019578107955,2.71228942418665,1.26904296875,0.7508332750799482,0.03239980844347912,3.248398437500001,0.8935620117187497,0.1026574707031287,-0.3101562499999986,0.2100056980505834,Leak,1.0
299,3.102543945312497,3.838085937499997,13.31919921875,2.910373390711148,13.3275927734375,6.152581787109376,1.142263321260649,3.682316894531247,6.933363086502794,7.24647289872388,0.484996337890621,0.1832624514934054,4.46870317950065,7.749291992187501,5.739812011718747,4.705257568359379,4.250911865234372,0.1204484745037538,Leak,1.0
178,-2.779765624999996,-1.445037353515623,6.868748291015621,2.574680193813202,13.487138671875,0.6653381347656264,1.159418707137572,3.037308349609376,1.341887820118643,1.579667507235513,1.992584228515632,1.157145272440921,-0.8333805311186921,1.910043945312502,0.1036352539062477,-0.3033435058593739,0.07550170898437614,0.2447233619850208,Leak,1.0
41,1.363723144531249,1.626101440429693,3.967058349609374,0.7232889323087622,3.04193115234375,2.528876953125,0.427740183528488,1.140859985351568,2.571299096382404,2.666843648742514,-0.5558398437500003,-0.3479329361800225,1.842184429365368,3.000097656250006,2.146921386718752,1.890902099609377,1.661555175781253,-0.03438121879854134,Leak,1.0
305,2.149848632812503,2.905288085937503,10.74904418945312,2.416042022741315,11.75337890625,4.9515185546875,1.141780841438356,3.060643920898436,5.501986107197009,5.670128161380699,0.847238769531252,-0.002594790586499585,3.376063164863854,4.862097167968752,5.128908691406249,4.342524414062499,5.137949218749998,-0.07487631725213595,Control,1.0
206,0.6176586914062483,1.079261718749997,10.80545410156249,2.964396337972009,13.74439697265625,2.756536865234374,1.533739340146951,3.170061035156252,3.733696722269649,4.010716004523296,1.613415527343747,0.8088167393609567,1.476061507469606,4.458358154296874,2.108499755859377,1.811339111328124,1.279233398437498,0.1790783034768647,Control,1.0
254,2.645495605468746,3.571776855468748,13.29438916015624,2.860071683541913,13.80806396484375,6.572507324218748,0.9146106631592603,3.785972900390618,7.021934170849541,7.339599227901083,0.06507080078124972,0.2520432374925576,4.409187159862292,7.550363769531252,5.346859130859379,5.456007080078123,4.119401855468752,0.08883233799712653,Clog,0.0
326,2.763349609374998,3.942270507812502,13.7108642578125,2.815148258896337,13.591806640625,7.161402587890628,0.8421665155445,3.344924316406249,7.637175050528462,7.913263493172771,-0.5238244628906301,-0.5020388277438741,5.07488066702178,8.543244628906244,6.157000732421871,5.536170654296875,5.863278808593748,-0.08667683001375193,Leak,1.0
4,0.3283032226562526,0.9041186523437545,8.585528320312505,2.206933243141158,10.56586181640625,3.499936523437498,0.789977569169416,2.877661132812499,3.830231609969786,4.09650148386892,-0.8420141601562392,-1.312309190132012,1.808215618844009,4.637579345703131,2.706043701171879,1.910897216796883,1.213188476562507,-0.1984872356332073,Leak,1.0
256,0.4303173828125004,0.8347009277343744,11.69616455078125,3.297257329324303,14.000205078125,3.317275390624999,1.192047950478415,3.956229248046874,4.158837023033023,4.460351344727734,1.152677001953123,0.6416866461916229,1.409467869967568,5.041386718750005,2.305323486328128,1.336716308593751,0.9272204589843724,0.4574020346349185,Leak,1.0
351,1.964431152343753,2.6387412109375,11.91255322265625,2.899722734861345,11.95154052734375,5.370847167968751,0.8071936945491992,4.228570556640626,5.82430403887739,6.098492921805903,-1.71604370117187,-0.7690586858805659,3.111335591061039,7.14462646484375,3.969797363281248,2.979680175781251,2.884313964843752,-0.1793794569233267,Clog,0.0
100,0.3697656249999994,0.6423018798828082,3.891294433593742,0.9934311887035598,4.109494628906248,1.961140136718747,0.3488649255976354,1.627003784179692,2.041290767695926,2.152030896543181,0.1118969726562469,0.07130058349723356,1.022240411063585,2.48779296875,1.500942382812497,1.19806640625,1.212415771484373,0.07929478516144131,Leak,1.0
226,1.519118652343749,2.168336059570311,13.20047534179687,3.38362269423543,14.87105712890625,5.510722656249996,0.800244961312928,4.732612915039063,6.197740817450565,6.54174685779266,1.126855468750001,1.063066099246257,3.020073983062325,7.689853515624996,4.318273925781249,2.586320800781252,2.106683349609373,0.5634796082719793,Leak,1.0
336,1.23026611328125,1.82665380859375,10.80426904296875,2.687372316903139,11.92511474609375,4.469951171874996,0.9884794180574107,3.473183593750001,4.95913153631178,5.144012816097195,-0.3179907226562477,0.07522864749012115,2.492609032018883,5.070842285156246,3.724326171874999,3.526350097656248,3.589533691406245,0.03396754421802195,Leak,1.0
213,0.9657202148437491,1.25330322265625,10.212158203125,2.72449219658023,13.44242431640625,2.917872314453128,1.697748446003351,2.498322753906251,3.70647927790764,3.974517064589342,1.452080078124993,0.8837491648010101,1.686671916852674,3.859396972656249,2.446101074218753,2.220959472656247,1.633896484374997,0.1573031465351121,Leak,1.0
171,-1.510744628906249,-0.8948925781249955,6.831864013671876,2.43812513001942,12.25648681640625,0.7916259765625,1.428402501697053,2.84490173339843,1.421660693597296,1.650609229396871,1.666296386718756,1.124021066038161,-0.5587328126695397,1.315703124999999,0.2203393554687523,-0.1190148925781216,-0.489816894531252,0.2099713163290486,Leak,1.0
98,-0.2239501953124972,0.1734860839843719,3.254711914062504,0.9751387193674594,4.511479492187497,1.159912109375,0.695729625783903,1.435288085937501,1.358458171756226,1.448917838122952,0.713124999999998,0.3441424727554789,0.432653825145664,1.644760742187501,0.9061901855468761,0.5357226562500017,0.2948413085937531,0.07714800500115943,Control,1.0
215,1.062333984375002,1.900879394531248,11.156615234375,2.904354965844433,12.8974951171875,4.362348632812498,1.00430354725194,3.843270874023439,5.029138590630822,5.286389699304095,0.147297363281254,0.1852570110887299,2.430377406690738,5.903450927734376,3.889914550781249,2.352807617187494,2.093076171874998,0.06756036018555442,Leak,1.0
61,1.204443359375006,1.415611206054692,3.822168701171876,0.7859342486576276,3.200705566406249,2.110339355468753,0.7233402347900499,1.210581054687502,2.268463443147532,2.377620070668549,-0.1373022460937534,0.04558666565421987,1.555097989169006,2.598919677734372,1.736313476562501,1.63294189453125,1.591323242187499,0.02045332063558952,Leak,1.0
47,-0.2405029296875014,0.352008178710939,3.754214721679688,1.039857198647544,4.532912597656249,1.860051269531255,0.253604130362782,1.553087158203127,1.894380445099927,2.021476798701556,0.01298583984374346,-0.1218687542249342,0.8469119226792543,2.469152832031249,1.304736328125003,1.237377929687504,0.9378723144531236,-0.0184873044364041,Control,1.0
32,-0.8445922851562493,0.8074908447265585,9.760937499999997,2.82692890320833,14.07397705078125,2.925803222656249,1.141793909960888,3.457521362304689,3.66966961897149,4.008029172816258,-0.2920080566406256,-0.5737817508843364,1.325151167748679,4.465083007812495,1.92664306640625,1.665043945312505,1.5792236328125,-0.06468052555373385,Leak,1.0
267,3.626572265624997,4.145311401367184,11.51347119140625,2.267229411069889,10.587490234375,6.313928222656248,0.9428681810571442,2.983591308593752,6.758284395724186,7.048069510318722,-2.143975830078126,-1.230724877806225,4.732885522382414,7.389426269531253,6.084381103515621,4.857550048828127,4.892877197265623,-0.340652940194099,Clog,0.0
200,-0.8708666992187517,-0.4055737304687526,7.371867675781253,2.323183311217978,11.71032958984375,1.666704101562502,1.425780698041315,2.436093749999998,2.054051917019734,2.318311290372563,1.291218261718754,1.591659069118883,0.1362365132494432,2.282841796874997,1.223405761718752,0.1597558593749966,-0.3730993652343813,0.3466287807245059,Control,1.0
349,2.87530517578125,3.439008544921876,11.61194091796875,2.481133835162091,10.79574462890625,5.810035400390625,0.8707130927779657,3.298647460937502,6.387493114246261,6.639153134474107,-1.300389404296872,-1.170301968303995,4.172927972585072,7.433160400390626,4.738736572265623,4.517343750000002,4.445517578124999,-0.4562594573540558,Clog,0.0
27,0.9532104492187514,1.322423339843752,3.873110839843747,0.752296552258612,3.439438476562501,2.405014648437501,0.3818985333942504,1.089858398437499,2.406094310387722,2.489185414410564,-0.4319775390625011,-0.4059583383509136,1.630210266113274,2.67545043945313,2.027714843750005,2.153906250000006,2.279389648437501,-0.08186043276122576,Leak,1.0
307,2.855585937499999,3.203566894531253,11.35896826171875,2.546572454849936,11.10193359375,5.250490722656249,1.065557391125132,3.35316284179688,5.865049612836319,6.151599460714241,0.5482666015625028,0.0330658772584016,3.690187330745392,6.715440673828123,4.415943603515625,3.725290527343748,3.291297607421878,-0.03312391391043945,Clog,0.0
230,-0.582275390625,-0.04207763671875142,10.82260620117187,3.342866392294821,13.5608837890625,3.311062011718747,0.7555694940799843,4.520523681640618,3.933383059259775,4.259092385103379,0.3408984375000017,-0.1905511787522656,0.8096347656250096,4.260649414062499,2.239938964843752,1.152480468749999,0.5829858398437509,0.1691879863586235,Leak,1.0
260,2.960288085937499,3.672337646484372,13.1106650390625,2.809838405328969,13.1333935546875,5.686086425781248,1.308769026576315,3.133547363281252,6.50093007684692,6.787857970054553,0.9514916992187494,0.7884159134171327,4.254833377783307,7.043801269531251,4.921119384765625,4.455239257812501,4.780588378906252,0.141573613901775,Leak,1.0
288,3.013398437500001,3.761213378906248,11.405908203125,2.4036951319412,10.2523046875,6.112164306640622,0.756597443239206,3.384963378906257,6.600567726461215,6.812985768839347,-0.5474621582031247,-0.3299774042298935,4.328968941556504,7.626787109375002,5.418372802734375,4.988721923828123,4.520449218750002,-0.1112125936257048,Control,1.0
162,-0.530202636718748,0.370040039062502,3.860004882812504,1.12905521416243,4.940329589843749,1.884096679687502,0.1286279917675479,1.878393554687499,1.957385226510816,2.082888963396847,0.08894042968749716,0.251001341428605,0.7922389002147909,1.730762939453129,1.930374755859376,1.690935058593752,2.121202392578127,0.188290844131573,Leak,1.0
334,2.7075732421875,2.997482788085939,10.50373010253906,2.242743336664549,11.287314453125,4.960158691406249,1.396981598160637,2.480019531249994,5.40083642923144,5.657791617010666,-1.20535522460937,0.130501886095125,3.553582091812011,5.857241210937495,4.071413574218745,3.745615234375002,3.662490234374999,-0.0826076350500432,Clog,0.0
138,-0.5356054687499991,0.1203389892578173,7.584865722656247,2.392528523050474,11.61083984375,1.960773925781247,1.21718385112468,3.255477294921882,2.475862048705068,2.721597740882231,0.9971484375000088,0.3173035392478738,0.4262416048109472,3.092395019531253,0.8845422363281301,0.5351025390624997,0.8597167968749986,0.1307594648450484,Control,1.0
62,-0.8698803710937497,-0.1995749511718685,8.36740380859375,2.545099758348977,11.81401611328126,3.049648437500004,0.6756010399950254,3.505877075195315,3.192099906404636,3.424770648406039,-0.3917260742187452,-0.4685072884252151,0.655998322336302,3.290571289062505,2.401965332031253,2.619562988281253,2.531862792968752,0.02687295729355244,Control,1.0
135,-0.3117529296875006,0.1051000976562548,3.681228027343749,1.067844463448971,4.612641601562501,1.559201660156255,0.3674971103555854,1.592585449218753,1.635815606750803,1.759380440294073,0.3138354492187432,0.2440835005257895,0.5595048518923065,2.070900878906251,1.162778320312505,0.6129589843749983,0.4739843750000006,0.1256567980930023,Control,1.0
128,-0.4591503906249983,-0.03820166015624693,7.845927734374996,2.508170903463632,11.1939990234375,1.892746582031251,1.062406262185442,3.415129394531249,2.440479698561617,2.73275550918612,0.765175781250008,0.02941583016765748,0.263319607494978,3.185650634765629,0.9395092773437526,0.3615954589843824,0.235788574218752,0.1149311758561681,Control,1.0
8,1.293408203125004,1.576943359375001,3.877875366210937,0.7003772681062386,3.014580078125,2.468510742187505,0.4517993613017802,1.043324584960935,2.521448593099954,2.612330004705832,-0.5954736328125065,-0.8157653100115638,1.829086493687925,2.823017578125004,2.186611328125004,1.932839355468751,1.621645507812502,-0.1660829442021952,Control,1.0
64,0.3202075195312517,0.7145444335937512,3.666554687500003,0.8611426021699465,4.081721191406253,1.679785156250006,0.8394151214237615,1.062436523437498,1.832674042740344,1.927787185716447,0.2932519531249937,0.09149310873829819,1.051463576096779,2.015886230468752,1.455229492187506,1.629866943359374,1.478197021484377,0.02974313575109858,Leak,1.0
300,2.899694824218749,3.585982421874995,12.0547421875,2.586477377750109,11.00849365234375,6.047631835937501,0.8606380710024826,3.365390625000003,6.62580775667179,6.900777311099702,-1.637985839843751,-1.615929835839971,4.319583987637472,7.543958740234373,5.382475585937499,4.455142822265621,3.657629394531249,-0.4514589037079383,Clog,0.0
14,1.148264160156252,1.488316406250007,3.844018188476568,0.7210771068292126,3.039426269531248,2.586159667968751,0.1128648233147355,1.122614746093753,2.525153752808677,2.668544546823668,-0.7131225585937528,-0.7251254268494804,1.786987721051375,2.989855957031246,2.322742919921872,1.901040039062501,1.748983154296873,-0.1403978482002247,Control,1.0
156,-1.830063476562497,-0.07129394531249744,3.6394912109375,1.115522992416561,6.235412597656246,1.417147216796877,0.06624693149519409,1.359953613281249,1.541061998320643,1.66217422960581,0.5558898925781222,0.4663433016535663,0.4893641977686443,2.2186279296875,1.169145507812502,0.9662915039062483,0.8932568359374997,0.1740282465324236,Leak,1.0
40,0.8333715820312548,1.076497680664062,3.568508911132817,0.7676089958626332,3.471643066406244,2.064484863281251,0.5526185791382097,1.099242553710937,2.097750975442445,2.19316201744244,-0.1914477539062531,-0.2037749723942142,1.336850200061733,2.452720947265625,1.736247558593753,1.604343261718753,1.251688232421877,-0.035778602330966,Control,1.0
378,1.690957031250001,2.843196411132812,9.56775122070312,2.050006805698169,12.221337890625,4.474411621093754,1.727298322982246,1.910282592773427,5.026837949372325,5.218681390678231,-0.8196081542968727,-2.396771602255917,3.475358743601827,5.507407226562496,4.120694580078126,3.722044677734377,2.786080322265622,-0.6931609282845282,Clog,0.0
318,0.08173828125000071,0.4013237304687536,9.176114746093752,2.858377127738851,11.30537109375,2.031193847656255,1.089616776017822,3.824020385742188,3.059092008678284,3.323881594178353,1.284163818359367,-0.02854028363707073,0.7094700045199218,3.552189941406247,1.434704589843751,0.659133300781253,0.620563964843754,0.03050762737085437,Control,1.0
216,1.931791992187502,2.466809082031254,11.38922021484375,2.656431996327635,12.150458984375,4.736862792968751,1.177332388769443,3.037951660156246,5.399329674994348,5.68447580486621,-0.1272167968749969,-0.09888158387408907,3.16194651493408,6.002705078125004,4.148372802734379,3.228602294921878,2.40296142578125,-0.1352290878326026,Control,1.0
279,2.835617675781254,3.945100585937499,11.82383422851563,2.398368921981846,11.48821044921875,5.499863281250004,1.386814941611807,2.607602539062498,6.168081865440083,6.37439166779026,-0.6902172851562511,-0.5820106880700209,4.258682138871205,5.780167236328129,4.6329541015625,5.674746093749999,6.803149414062506,-0.284119903136009,Control,1.0
339,1.413662109375,2.201765136718752,11.8421484375,3.319785542861198,12.8003173828125,4.090817871093744,0.8341372834300252,5.230148925781251,5.370477258833812,5.673228988526812,0.07913452148437727,0.2654470193271692,2.504358886718745,6.78877685546875,3.020654296874998,2.434006347656247,2.198605957031251,0.2348693505226766,Clog,0.0
236,2.174541015625,2.700455566406248,12.7998818359375,3.069941399456315,14.0265087890625,5.511474609374993,1.117671013805063,3.586196289062499,6.1082118368235,6.45859622485699,1.126103515625005,1.149405906027624,3.455757799979999,6.56011962890625,4.86566162109375,3.954328613281248,3.603031005859371,0.4146104319826225,Clog,0.0
207,0.03045166015624901,0.9803718261718721,9.801196044921877,2.639928538326065,12.75198486328125,2.775992431640628,1.474568222760881,2.720473632812499,3.508197496294816,3.743777811130375,1.175968017578121,0.6870172138727639,1.416393905209159,3.789389648437503,2.115042724609378,1.527097167968751,1.459311523437499,0.1700727454486278,Leak,1.0
212,2.104809570312501,2.423956787109372,12.4417373046875,3.133180233228425,12.0992041015625,4.790191650390621,0.9269190038348915,4.466110839843751,5.738264885453273,6.018151943129663,-0.08054565429686988,0.1378319787135212,2.990524871634204,6.489936523437496,3.964719238281251,3.073792724609373,2.464212646484373,0.07921271061081758,Control,1.0
295,1.826047363281251,2.493623535156253,11.472341796875,2.802061387028389,12.19502197265625,5.549235839843746,0.6400440139674245,4.306330566406245,5.971120724361597,6.227631695768835,-1.039589843749994,-0.7563550540090276,3.230206149765387,7.340742187499998,4.446827392578129,3.178220214843748,2.318057861328128,-0.1728723448735789,Clog,0.0
357,2.293659667968747,2.589885253906246,10.828994140625,2.54109340844899,11.68871337890625,4.445511474609368,1.276090912998268,3.233642578125,5.068869646897831,5.360381133517514,-0.6907080078124892,0.4451905190085057,2.964976338598994,5.930444335937501,3.609238281250001,2.882429199218748,2.63804809570312,0.0891667074759585,Clog,0.0
251,0.2532055664062511,0.6393413085937496,9.150106933593744,2.6490201200544,11.40532470703125,2.07809814453125,1.311345075377896,3.120454101562501,3.027200013269987,3.28715863633597,1.437259521484371,0.9772851683061745,0.9616158356929354,3.411826171875003,1.667601318359377,0.8645898437500001,0.744023437500001,0.2548289616120308,Leak,1.0
383,3.702268066406248,4.088501953124997,10.02415148925781,1.784708415651832,9.653483886718753,5.524128417968747,1.594770313945481,1.805465698242188,5.903088431532055,6.083088920092408,-2.269324951171868,-1.584387892715142,4.479874915847347,6.030859374999999,5.207604980468751,5.302391357421875,5.872517089843747,-0.371289969668341,Control,1.0
358,3.528703613281248,4.511628417968748,12.49479492187499,2.351580424799529,12.54306396484375,6.996734619140621,1.136830173497387,2.657486572265626,7.310728911069045,7.558728020690207,-0.5591564941406233,-0.0419773428059429,5.228981634427992,7.630683593750003,6.849593505859371,5.561223144531251,5.386943359375,0.0365624547212744,Control,1.0
303,2.858669433593747,3.234883789062501,11.45911083984375,2.549215095496954,10.36313720703125,6.063146972656249,0.6329875252551281,3.917287597656248,6.392661227712566,6.668373780123659,-1.9111865234375,-0.9634054137050398,3.915390664377533,7.822922363281251,4.858352050781249,3.777868652343749,3.443071289062502,-0.2393561302868586,Clog,0.0
269,0.5950903320312477,1.114847167968747,11.30861474609375,3.062524666294932,13.01196044921875,3.99138671875,0.870944480037605,4.148931884765624,4.732325407122715,4.988644558243976,0.160573730468748,0.7066271075297266,1.963220127289837,6.050866699218751,2.799511718750004,2.299660644531251,1.40249267578125,0.3303508572449359,Leak,1.0
201,-2.100495605468748,-1.654684326171875,7.882078613281259,2.858819320408664,12.96487060546875,-0.1335729980468727,1.544537067939233,2.8758544921875,0.7853706543714196,1.105476954959073,2.791495361328131,1.705633552122094,-1.315603220244984,0.6706518554687477,-0.5011254882812466,-1.192419433593749,-1.423212890624995,0.3480926556463381,Leak,1.0
161,-0.482421875,-0.002123046874999091,7.570562011718749,2.348542316531172,11.74064453125,2.098087158203128,1.155991811470556,2.99987060546875,2.554582524137409,2.792634530242431,0.8598352050781273,0.4611773612439762,0.4921771660314249,2.686955566406247,2.000537109375003,0.8857788085937486,0.4560974121093722,0.1867083402287033,Control,1.0
43,0.1121582031249986,0.5520473632812539,3.721321044921879,0.9392607464907692,4.197490234375003,1.998112792968747,0.2754613511372303,1.265332031249997,1.978127346360239,2.11793038588192,-0.1250756835937494,-0.230050826605904,1.037897779381787,2.185991210937502,2.052001953125,1.350302734374999,1.077841796874999,-0.0307486781615508,Leak,1.0
217,1.227736816406249,1.846428710937499,10.30609582519531,2.504691914979273,13.09032958984375,3.925114746093747,1.544157770228232,2.711151123046875,4.465696152162089,4.711414300782131,0.3296887207031318,0.3351340178746796,2.439416217225968,4.831999511718742,3.016066894531249,2.61376220703125,2.817513427734376,0.0360081100112058,Control,1.0
190,-0.602609863281252,-0.3562933349609381,7.510988159179689,2.449553687912676,11.49358154296876,1.315434570312497,1.421634219629735,2.789786987304687,1.863653761655584,2.258104141114956,1.642487792968758,1.656112849767403,-0.03654729103555354,2.689786376953123,0.3403125000000031,-0.09648925781250028,-0.2058251953124994,0.300139989250558,Leak,1.0
309,-1.120859374999998,-0.5329478759765607,8.624928222656251,2.892743873477375,12.6876171875,0.834238281250002,1.29910757887461,3.422711181640622,2.002774285313961,2.263564131509611,2.48111938476562,1.029777309379462,-0.1926381484375099,2.593679199218748,0.4720458984375,-0.004926757812498295,-0.2794531249999999,0.272578901553424,Leak,1.0
259,0.7071948242187496,1.171683959960937,9.280597534179687,2.444600194209157,13.10005615234375,3.325209960937503,1.417203741053756,2.828941650390625,3.85409729852341,4.07448559992228,2.473547363281249,1.61917089447951,1.786936199218747,4.548056640625003,2.597874755859376,1.621145019531252,1.565272216796874,0.3757324902587554,Leak,1.0
105,0.8701660156249957,1.334343872070306,8.738538818359359,2.338594360085454,10.186884765625,3.198925781249997,0.9181831490158874,3.399573364257812,3.793693585607123,4.08234796997673,0.05899658203125568,0.139819895023102,1.743490121807149,4.626318359374999,2.2878955078125,1.920397949218746,1.814971923828125,0.08509435976497626,Control,1.0
53,-0.1949609374999994,0.3345843505859349,9.077970458984367,2.647972897933033,11.77792480468749,2.254736328124999,1.28972363983891,2.821788940429684,2.990134219711329,3.221738820850724,1.003186035156254,0.0,0.830043092291028,3.175822753906246,1.645532226562494,1.218359374999999,1.383208007812499,0.0,Leak,1.0
1,1.538781738281251,1.772914916992185,3.963275512695311,0.6572724005557421,2.695512695312502,2.575729980468751,0.4401200121979268,0.966450805664067,2.661326033466246,2.799722120298945,-0.7026928710937526,-0.9794000879912659,2.056573963994566,3.114062500000003,2.423533935546878,2.326618652343754,2.473615722656255,-0.2133264646617581,Leak,1.0
49,0.4798242187499966,1.067527343750001,8.60413134765625,2.281888441189134,10.49056152343751,3.4640576171875,0.8378979275221008,3.109965820312496,3.826810078300767,4.030863271694415,-0.506135253906244,-0.2118448738449175,1.671380048136065,4.026202392578128,3.382584228515626,2.225659179687497,2.22564697265625,-0.01525449249469557,Control,1.0
80,-0.2984838867187491,0.06799450683593733,3.543624877929688,1.067392383342767,4.599387207031249,1.28435546875,0.5558416679356953,1.573831176757814,1.456473545632896,1.605660639500563,0.5886816406249977,0.159323624904701,0.4412147780198126,2.070855712890626,0.849039306640627,0.5838208007812469,0.4028063964843724,0.04774918353947483,Leak,1.0
205,0.4450927734375014,1.003802734375,11.56239453125,3.345453844696778,13.661513671875,2.753591308593755,1.235346812886426,4.173620605468752,4.058242838476936,4.3497660007151,1.101212158203126,0.444990575776913,1.441941093136901,4.937750244140624,2.152971191406252,1.704653320312502,1.352419433593749,0.2551947123794262,Leak,1.0
34,0.7785888671875014,1.18796240234375,3.726691406249998,0.7806110849917318,3.52159912109375,2.094499511718752,0.5917111784423374,1.159444580078123,2.150109767032333,2.259914289751237,-0.2214624023437537,-0.3332883054250928,1.392064479723999,2.624179687500003,1.644492187499999,1.39716918945313,1.825898437500001,-0.05838205978578012,Control,1.0
263,1.032927246093752,1.69957568359375,10.34538220214843,2.781456464654743,12.72343017578125,3.116704101562501,1.4193256084173,3.284705200195312,4.05344946601976,4.35932841702591,2.682053222656251,1.702260683593209,1.934682140531987,4.44515625,2.527990722656252,2.014777832031253,1.924830322265624,0.4517527069280088,Leak,1.0
91,-0.904104003906248,0.6694650878906288,3.556577880859379,0.9425490563307805,5.288686523437498,1.899826660156251,0.1089215157834103,1.386961059570311,1.925037992665608,2.033305382441526,0.07321044921874886,0.08878972806322594,0.9787133028104549,2.489693603515633,1.575368652343755,1.285466308593755,1.423343505859378,0.07024726772219989,Leak,1.0
52,-0.2060571289062452,0.6070336914062509,8.4034384765625,2.318922884866242,10.99461669921875,2.121420898437499,1.476010589458413,2.222409667968748,2.777584999427361,3.042589920393453,0.436501464843758,0.2958951744787086,1.02221148101102,3.027453613281253,1.740888671874998,1.091982421875002,0.8581628417968759,-1.232544177720563e-05,Leak,1.0
264,0.6006933593750006,0.9224614257812505,11.00423413085938,3.118465338343225,12.5188916015625,4.24747802734375,0.7283197145651897,4.427758178710931,4.570272473711238,4.924547050498983,1.117224121093749,0.962460946186269,1.589733806164713,5.252692871093753,3.225913085937496,1.12298583984375,0.8567785644531263,0.5032135839829219,Leak,1.0
241,0.919123535156249,1.49767333984375,10.0089013671875,2.664780703732943,12.32392333984375,3.64128295898437,1.121499133439123,3.294267578125002,4.363617102929432,4.581068040215122,0.5106774902343787,1.094769518640796,2.088479132064151,5.233627929687501,2.873676757812497,2.006931152343746,1.725039062499999,0.2937961972316445,Leak,1.0
13,1.287412109375005,1.489194091796875,3.794078613281251,0.7399437550349407,2.995244140624997,2.443104248046879,0.4416620364204863,1.178244628906249,2.39955051989795,2.574913449899405,-0.570067138671881,-0.5756762525591412,1.691354980468731,2.58963256835937,2.085825195312502,1.824016113281253,2.06705200195313,-0.1428630892901078,Leak,1.0
315,2.038610839843749,2.657765380859374,11.18599975585936,2.604485174784997,11.11002197265625,4.720070800781251,1.115242806369404,3.358247680664071,5.358377061597395,5.601832267153057,0.7446313476562452,0.6399892823597,3.113409505768615,5.859982910156248,4.207485351562497,4.260966796874996,4.406467285156246,0.1816848759090543,Leak,1.0
88,0.1244970703125006,0.5542580566406272,7.57190673828125,2.161410955760533,10.6364208984375,2.064693603515622,1.420484225096722,2.448157958984382,2.622403025127689,2.88392488172385,0.5932287597656369,0.3091129570874784,0.9091277143934491,2.891185302734378,1.375869140624999,1.24414794921875,0.8951635742187563,0.06576285122347447,Control,1.0
273,1.837395019531254,2.804637207031252,10.29359375,2.236529183182582,10.06692626953124,5.724024658203124,0.4615987924744092,3.218984375000005,5.849329941591687,6.11615435037346,-2.208666992187503,-1.268312549558225,3.631083621925331,6.743701171875006,5.299597167968745,3.454019775390623,2.909838867187499,-0.259020924337286,Control,1.0
166,-0.9725903320312455,-0.7730147705078068,8.036226318359368,2.780950816528617,11.85380126953125,0.6530224609374997,1.351689761742043,2.919308471679685,1.608072269695953,1.968141999168026,2.004899902343759,0.8699174473263298,-0.4246755105197906,2.036550292968755,-0.03507690429687216,-0.369965820312494,-0.3146936035156216,0.1965538661850887,Leak,1.0
328,-0.6661962890624977,-0.4110487060546859,9.108559448242183,3.094140610968873,12.0761962890625,0.8982202148437501,1.224693613741023,3.836411132812504,2.156368850007198,2.44543045116626,2.417137451171872,0.8620468672045192,-0.1750410131081139,2.173609619140628,0.5297412109375017,0.06308837890625085,-0.2168127441406256,0.2678568945998397,Leak,1.0
386,1.252607421874998,1.893132934570311,11.88459497070312,3.177236164101775,12.769853515625,3.963564453125002,1.009251966978967,4.313153686523442,5.029507013400959,5.333495213347391,0.54608154296875,-0.06527775830672056,2.371722999366554,5.900822753906247,3.015411376953125,2.460961914062501,2.362543945312495,0.01794055498574235,Leak,1.0
134,-0.764191894531244,-0.3480560302734332,7.629360107421874,2.413967683157441,11.39536376953124,1.518300781250005,1.368434981140222,2.723009033203127,2.134813321780847,2.442049915313326,1.139621582031253,0.3276018154944396,0.2232908678965941,2.616220703125002,1.012921142578122,0.6180261230468744,-0.406708984374994,0.1219350724534888,Control,1.0
306,3.075810546875001,4.050465087890625,11.7724169921875,2.367576459623073,11.051533203125,6.512934570312499,0.8837804682962581,3.189162597656249,6.830433895238937,7.108048997478814,-2.342982177734378,-1.296789371143646,4.675538653399467,7.570427246093754,5.456054687499996,5.294069824218749,4.591669921874999,-0.3248401899623095,Clog,0.0
376,5.368671875,5.843341308593747,12.21826953125,2.049534231107558,10.905224609375,8.674915771484375,0.6419996545326203,2.832275390625,8.61800915715813,8.892674208954876,-2.237337646484377,-0.9396288391876197,6.577782676885487,9.677038574218752,7.88791259765625,6.840324707031247,6.048322753906252,-0.4091957102548718,Clog,0.0
319,2.154680175781248,3.955314575195313,10.918998046875,2.106814571993948,11.75924560546876,5.506779785156251,1.477303796267064,2.304968872070305,6.032421480881748,6.249558251908137,0.2919775390625006,-0.232340241278898,4.344275709335758,6.351079101562501,5.127900390625005,4.638137207031253,4.025601806640626,-0.2315055273716057,Control,1.0
243,0.5606958007812501,1.252303710937497,10.28074072265625,2.756015330463243,12.82045166015625,3.700689697265624,1.036062977782323,3.409692382812494,4.356669465215965,4.658211934837574,0.4512707519531247,0.6813953970043443,1.96381192765147,5.343745117187503,3.318332519531246,2.290434570312499,1.286680908203124,0.2106301778170974,Control,1.0
54,-0.143156738281256,0.5696185302734307,8.8362353515625,2.577932142110192,11.04336669921875,3.015793457031251,0.7948917040350283,3.71902770996094,3.593434609342921,3.862305169532874,-0.2578710937499977,-0.5392975477243596,1.238480969578099,4.214528808593741,2.051828613281245,1.344921874999997,1.847031250000001,0.0001365227890724463,Control,1.0
50,0.300546875000002,1.258253906249998,3.951908203125001,0.8251266585120574,4.109943847656254,2.665262451171877,-0.1481138057698532,1.208298339843751,2.580730310872212,2.673196462074571,-0.6922253417968776,-0.2583349639111319,1.683170771846072,2.67006469726563,2.283398437500004,2.722044677734374,2.743698730468751,-0.0067083081652628,Leak,1.0
174,-1.462631835937497,-0.9375878906249966,7.553969726562499,2.648677049907539,12.2895263671875,0.7699145507812517,1.368373683185823,3.022250976562496,1.574250826258428,1.820164530118483,1.788007812500005,1.06294834934679,-0.5305819956030149,1.822778320312501,0.2317333984374983,-0.2054052734374991,-0.5339428710937497,0.2212903802587605,Leak,1.0
189,-1.668906249999996,-0.7696179199218705,3.362407226562503,1.180617602311552,6.034487304687499,0.8885668945312517,0.4984073918185509,1.411658935546875,0.9722642009044478,1.094323686329702,1.084470214843748,1.003600026019186,-0.1797325298108348,1.279760742187506,0.6415307617187551,0.5652612304687494,0.4559667968750034,0.2946953546652831,Leak,1.0
390,3.013750000000002,3.535900878906254,11.768341796875,2.559801146201121,10.3490673828125,6.799296875000003,0.3791982686207208,4.101420898437503,7.018891498243782,7.309090066082213,-1.334594726562507,-1.025038191097742,4.424238615011895,8.37646484375,5.60489135742187,4.229669189453126,3.390942382812497,-0.1948667451522927,Leak,1.0
187,-1.129316406249998,-0.5515227050781206,3.541144531249998,1.250356972273481,5.43419677734375,0.6275561523437503,0.8596717234551313,1.664345092773438,0.858521351251234,0.9747399288406697,1.245480957031248,0.8750624660138513,-0.2876971892272735,1.292974853515624,0.301166992187504,-0.2255065917968722,-0.4076782226562479,0.280012122233174,Control,1.0
169,-1.725983886718748,-0.8476580810546892,7.348359130859372,2.467345769408174,12.31457763671875,0.7234716796874991,1.495129064927267,2.633508911132814,1.465215650220706,1.71794271400055,1.834450683593758,1.14572015168438,-0.4254407192261738,1.756870117187503,0.3007250976562545,-0.2450720214843756,-0.5645971679687491,0.2085340214363641,Leak,1.0
58,0.2179833984375037,0.9656195068359352,3.765529785156254,0.8557145508202431,4.081923828124999,1.836520996093753,0.6067229787913151,1.232486572265628,1.954838486724412,2.071369160312301,0.0365161132812446,0.02599822780439354,1.144541095817168,2.4708935546875,1.653415527343753,1.232044677734379,1.065512695312499,0.01310014521911818,Control,1.0
48,0.6613330078125017,1.027301635742184,3.858713378906252,0.8325355465210011,3.632512207031247,1.938571777343753,0.7141744590231934,1.116973876953118,2.063254078298691,2.165308674178355,-0.0655346679687554,-0.07517932491577284,1.29398284370378,2.254525146484376,1.884906005859378,1.430607910156255,1.192795410156251,-0.01793520923041383,Leak,1.0
344,2.340893554687501,2.732262451171874,11.79422778320312,2.889590394296696,11.655791015625,5.01364501953125,0.8064338149657573,4.396027832031251,5.794557313235561,6.070859893064753,0.7851123046875017,-0.0240589780341125,3.152620658255866,6.853118896484379,4.137622070312499,3.148791503906249,2.900285644531248,0.1063971532448904,Leak,1.0
235,1.083479003906248,1.677391845703124,9.001929931640625,2.259744633128755,10.49934814453125,3.429711914062501,1.169700794907954,2.885095214843744,4.01530025088465,4.210961642047579,0.1856457519531176,0.8100703826709861,2.095979130123709,4.646871337890623,2.403243408203124,2.1954345703125,2.731527099609373,0.21789240667241,Leak,1.0
252,3.121455078124995,3.835087524414064,13.60783911132812,3.000490193803849,13.3907177734375,6.492160644531246,0.9778219392374894,3.97012634277344,7.252934628977613,7.520621167448937,0.1454174804687511,0.04603203865459449,4.575448809297875,8.425866699218751,5.69921875,4.959572753906251,5.458311767578117,0.03202225270386905,Control,1.0
21,0.7898437500000028,1.542507324218754,3.912329101562499,0.7768036625563944,3.510346679687501,2.37942260742188,0.3745625904886278,1.333942871093747,2.50534920309584,2.597682651656179,-0.5063854980468818,-0.5835545117592176,1.728196519639738,2.990684814453125,2.229884033203128,1.778973388671879,1.700777587890627,-0.1031130892428444,Control,1.0
313,2.654399414062496,3.275391113281252,11.292208984375,2.487642437193956,11.1105126953125,5.913345947265626,0.6781840685624101,3.717399902343743,6.351828414100247,6.609734754217705,-0.4486437988281295,-0.3418289930937206,3.977389331519227,7.349033203124996,4.984676513671879,3.8198779296875,3.796416015624999,-0.06446156059340258,Control,1.0
160,-2.350368652343754,-0.2174150390625016,3.656212890624992,1.135863294658384,6.83678466796875,1.676145019531248,-0.3332464729618411,1.282470703125,1.648291002992714,1.763423923549958,0.396892089843746,0.5332445880514101,0.5263855079311242,1.852829589843751,1.623493652343747,1.483266601562491,1.321826171875003,0.1817365200862167,Leak,1.0
276,0.4944287109375018,0.9055297851562507,8.919593505859371,2.403824543429518,11.279677734375,2.692288818359376,1.281829052769932,2.898715820312503,3.314743567072515,3.536991068344197,0.8230688476562449,1.094850713469398,1.316937942248003,3.723981933593752,2.028500976562501,1.443925781250002,1.047502441406252,0.3131729176663612,Leak,1.0
191,-1.463115234374996,-1.207132324218747,7.042377685546874,2.543776485328129,12.1100830078125,0.6963000488281281,1.30511701496491,3.183519287109377,1.266440590770166,1.530166628563556,1.96162231445313,1.401735082292348,-0.8434414537361334,1.787619628906256,-0.3519555664062466,-0.7711145019531216,-1.210541992187501,0.3036013488044789,Leak,1.0
293,0.6474902343749989,1.544475341796876,11.5122724609375,2.90072093974933,13.4095068359375,4.333483886718753,1.024055799489308,3.587028198242187,5.046719260517904,5.316336393126491,-0.4786804199218722,-0.5016893129897042,2.503476890512047,5.838908691406253,3.37778686523437,3.5357666015625,3.038923339843748,-0.06501314765034394,Clog,0.0
343,2.3069384765625,2.902477783203125,11.21180078125001,2.468322572207375,11.5770263671875,5.003898925781243,1.183040068357833,2.959531249999998,5.576487629833863,5.791471277494836,0.9948583984375077,0.4246701714516945,3.453235852251488,6.054874267578128,4.101578369140626,3.562207031249997,4.413481445312499,0.04752435352686168,Leak,1.0
257,0.7942846679687499,1.256483154296873,10.78224060058594,2.95443964341581,13.65400634765625,2.842270507812501,1.500266348969141,2.954197387695309,3.829023248704509,4.122941394080804,1.412532958984379,0.9477069229541328,1.635775058441478,4.156796875000005,2.056752929687498,1.481173095703124,1.578286132812497,0.310604945365037,Control,1.0
308,0.7592407226562479,1.780893066406254,9.811135498046877,2.58172093701567,10.88626220703125,3.652542724609372,0.9298303992940573,3.64894653320313,4.471254097234283,4.65344179589022,-0.2371850585937523,-0.9635119930030172,2.207044053606463,4.421750488281251,3.244049072265621,3.075477294921878,2.279401855468752,-0.2325754571213776,Clog,0.0
149,-0.6098291015625001,-0.2345395507812498,3.156045776367193,1.04433899599658,4.914501953125001,0.9767211914062486,0.6979653556252833,1.481719360351562,1.117946829687597,1.232344312289172,0.8963159179687494,0.642832468526791,0.1166442034205133,1.486322021484376,0.6686572265625017,0.0774572753906213,-0.07033325195312301,0.160572901465251,Control,1.0
130,-1.543886718749999,-0.1559145507812474,3.655430175781248,1.076310322231827,5.914582519531255,1.692591552734378,-0.161339594675638,1.285180664062494,1.720645326749825,1.829019637687217,0.2804455566406219,0.3326964058239952,0.6543500304079046,1.777001953125001,1.453332519531251,1.586596679687503,1.373050537109378,0.1178351001210599,Leak,1.0
151,-1.151687011718749,-0.6139130859374973,8.263626953125005,2.65384074435152,12.14903564453125,1.458784179687498,1.255677602387056,3.026083984374999,2.127979739286808,2.44112896200874,1.19913818359376,0.3314790833937522,-0.02513772875644804,2.620970458984374,0.5777844238281276,1.270841064453123,1.196381835937501,0.1654030462201588,Control,1.0
359,0.8842553710937509,1.466257324218752,12.0179306640625,3.32498138758122,13.14030029296875,4.334753417968749,0.8163249749358075,4.868913574218745,5.149460005045349,5.453014350931177,0.1748925781250037,-0.2472869013695345,2.128672271878891,6.539047851562501,3.220565185546874,2.320715332031249,1.64054443359375,0.08508973405479286,Control,1.0
99,0.006975097656251705,0.1601992187500016,3.429900878906253,1.025003716331896,4.295476074218747,1.254154052734378,0.580507962292821,1.534846191406253,1.451851774299712,1.59018957030905,0.6188830566406196,0.3192527158214133,0.4672950006300596,2.037890625000003,0.8636914062499983,0.4775671386718798,0.4471911621093696,0.07745330178870985,Control,1.0
372,3.518662109375001,4.159552490234375,11.33961474609374,2.249718656192931,10.4091796875,5.833933105468752,1.082583408887948,2.883322753906249,6.493661173732328,6.7354220553269,-2.079129638671873,-0.9547257053134359,4.599994678844091,7.377619628906253,5.133811035156249,4.749350585937499,4.698027343749999,-0.3879849324467909,Clog,0.0
87,-0.3828491210937486,0.6216772460937534,3.897958984375002,1.024930354734538,4.789482421875,1.833854980468757,0.4137229240167892,1.408781738281249,1.922958667707796,2.067037582542675,0.139182128906242,0.046683398922994,0.9367724894364002,2.307265624999999,1.660886230468755,1.239431152343755,0.942412109375006,0.0652035967139327,Leak,1.0
330,2.553427734375003,3.059156249999997,11.67690234375,2.657660419577768,11.7781787109375,5.282014160156248,0.9603131321434024,3.543695068359384,5.965471993759262,6.212775307367163,0.516743164062504,-0.5056613068608584,3.614552776870429,6.870640869140626,4.643251953125006,3.887189941406252,4.035758056640628,-0.1425018260964793,Control,1.0
214,0.2531420898437489,0.8542020263671866,11.76468896484376,3.39227693009406,13.67284912109375,4.149809570312499,0.8112672545366479,4.993710327148431,4.567608006844146,4.858575149297529,0.3598364257812534,0.6299295779853509,1.315100805310198,5.823598632812498,3.021269531249999,1.36037841796875,1.079615478515628,0.4028183419483495,Leak,1.0
121,-1.408928222656247,0.3314147949218835,3.654736328125004,1.063157296698299,5.820700683593753,1.897670898437504,-0.04678192969223602,1.511430664062502,1.820814624991613,1.938333614870658,0.07536621093749574,0.1573198497051251,0.6971800055870645,2.337590332031255,1.583139648437502,2.003228759765626,1.452973632812501,0.1087200656192896,Leak,1.0
392,1.552802734375,1.905772460937499,10.0904833984375,2.483906680892863,12.5488671875,3.558243408203122,1.866813292137557,2.216884765624997,4.094217949572172,4.363895475245915,0.496560058593758,0.979644070688046,2.278277239522932,4.177171630859373,2.837324218750002,2.613703613281249,2.292910156249999,0.366748266816067,Leak,1.0
20,0.2380078125000011,0.9551508789062453,3.69092309570312,0.8252960202827795,4.054599609375003,2.260581054687499,0.1611673640873342,1.129670410156251,2.209415340916273,2.317820959869245,-0.3875439453125011,-0.4233447622669644,1.358724063162057,2.60896118164063,1.906350097656251,1.436074218750001,0.9663500976562531,-0.1076744641370859,Leak,1.0
188,-2.453984374999997,-0.9485716552734367,3.440476196289062,1.311748610237624,6.8346484375,0.7611035156250026,0.4348738478855685,1.789820556640628,0.8687665065572077,1.008786665861393,1.211933593749997,0.9774851462986192,-0.3913091575725183,1.184924316406253,0.333149414062504,0.4880615234375014,-0.005053710937495737,0.2878813083565173,Leak,1.0
71,0.3409497070312497,0.8865119628906228,8.215735839843745,2.317437842961567,11.03945556640625,3.465194091796874,0.76266318565168,3.49169921875,3.624388681303266,3.953565286045823,-0.5072717285156187,-0.2540009733926922,1.441005394345268,4.745815429687497,2.641882324218749,1.527548828124999,2.352786865234378,0.04018365731357065,Control,1.0
106,0.8432080078124997,1.05326867675781,4.003899780273436,0.9504811719814913,3.640600585937499,2.289594726562498,0.315304177422908,1.602719116210942,2.313030608469141,2.444219897315413,-0.2165576171875045,0.09000316966997701,1.328954739802811,2.760180664062503,2.033891601562495,1.444293212890628,1.168580322265626,0.08528300497499483,Leak,1.0
270,0.4977148437499999,1.423417236328124,10.04836181640625,2.595523322687847,12.6663671875,4.138682861328128,0.9340730796391379,3.158446044921881,4.666843168506212,4.918880777261144,0.01327758789062017,0.3959741241474362,2.354929457400843,5.283513183593747,3.574387207031251,2.879396972656245,1.228764648437497,0.09648933540032523,Control,1.0
348,2.049409179687498,2.919914550781247,11.29252685546875,2.631774747552751,11.75529296875001,5.298159179687506,0.8663032625208295,3.667225341796879,5.898783171957067,6.150658336018171,0.5005981445312457,0.01666966004606252,3.530782708674106,6.577917480468752,4.24599853515625,3.695588378906255,3.930302734375001,0.01207645598832896,Control,1.0
102,-0.7856274414062483,-0.3445203857421859,7.675266601562498,2.450215026020039,11.53593017578125,1.982016601562499,1.023076696699645,3.278469238281247,2.438282544226674,2.666154065943296,0.4759057617187565,0.08508102871002166,0.2334983979051302,2.833308105468753,1.253492431640623,0.2172534179687489,-0.35595703125,0.08136414248726045,Leak,1.0
