,median,meanci_1,Diff_median_of_plot,Diff_mean_of_row,Type,Y_binary
545,2.620275880000001,3.42001647,-0.040401459,-0.250257795,Control,1.0
608,3.000090029999996,3.355423889999997,-0.420215607,-0.279585871,Control,1.0
631,3.569841000000004,4.152780870000001,-0.789966583,-0.785787821,Control,1.0
209,3.349980159999998,4.042910940000002,0.629894257,0.299990723,Clog,0.0
412,3.975125890000001,4.78193606,-0.695251465,-0.863622545,Clog,0.0
453,2.57995605,3.361447200000001,0.099918365,0.059942619,Control,1.0
176,3.310139469999999,3.881083919999998,0.169734955,0.309268153,Clog,0.0
522,4.330057140000001,5.05567095,-1.150182724,-0.767118793,Control,1.0
329,4.340030290000001,4.973996440000001,-1.060155869,-0.989541213,Clog,0.0
163,2.959967039999995,3.877356219999996,0.119907379,-0.296587437,Clog,0.0
248,2.889973450000003,3.430890190000003,-0.41009903,-0.49569237,Clog,0.0
677,3.690038300000005,4.328392579999999,-0.910163879,-1.099989955,Control,1.0
74,2.759893040000001,3.357066979999999,0.019981384,0.225081996,Leak,1.0
434,2.829162599999997,3.571515750000003,0.58115387,0.379334553,Clog,0.0
369,2.63972244,3.398121230000001,0.140151978,0.56734647,Clog,0.0
104,2.000015259999998,2.572145249999998,0.679859161,0.564211046,Leak,1.0
114,3.040078739999998,3.718033140000003,-0.260204315,-0.644570155,Leak,1.0
426,4.450634000000001,5.096590759999998,-1.270759583,-0.948770763,Clog,0.0
92,2.364992900000001,3.282788579999998,0.114881516,-0.197928698,Leak,1.0
375,3.260198969999998,4.042025209999998,0.819675446,0.267444121,Clog,0.0
89,2.159736629999998,2.775387199999997,0.520137787,0.537699238,Leak,1.0
394,2.549813080000003,3.120905699999998,-0.06993866,-0.011663129,Clog,0.0
519,2.389918140000002,3.192012270000003,0.089956284,0.037896051,Control,1.0
708,4.590010830000001,5.333627169999996,-0.710136414,-1.175523555,Control,1.0
449,3.429655459999999,4.091004220000002,-0.849781036,-0.977994914,Control,1.0
702,4.470291900000003,5.00448776,-0.49041748,-0.709017789,Control,1.0
11,2.400106049999998,3.066303510000004,0.379768372,0.33329948,Leak,1.0
43,3.16989555,3.8254515,-0.590021133,-0.427439633,Leak,1.0
42,2.310218810000002,2.837874450000001,0.369655609,0.387842091,Leak,1.0
167,2.949931340000003,3.365879259999996,-0.570056915,-0.43331499,Clog,0.0
670,3.020225140000001,3.500034329999998,-0.240350723,0.011966974,Control,1.0
588,3.56982841,3.90601032,-0.989953995,-0.809844447,Control,1.0
604,2.780081179999996,3.26673967,-0.200206757,-0.190045379,Control,1.0
178,2.61015167,3.04208654,-0.030277252,0.17442201,Clog,0.0
639,3.039863199999999,3.737220900000004,-0.259988785,-0.365157665,Control,1.0
515,2.820294190000002,3.335264800000001,-0.340419769,-0.130924138,Control,1.0
177,2.530283359999999,2.934462789999998,0.049591064,0.152462532,Clog,0.0
529,3.870244599999999,4.549204670000002,-0.359928131,-0.74847552,Control,1.0
536,3.020000840000002,3.396595730000001,-0.440126419,-0.520854051,Control,1.0
257,3.229924389999997,3.807970180000002,-0.850049973,-0.500341511,Clog,0.0
326,3.310004429999996,4.024576700000001,0.569869995,0.215955613,Clog,0.0
761,4.010023499999996,4.536329279999997,-0.430149078,-0.297414861,Control,1.0
15,2.030096440000001,2.701185009999996,0.549777985,0.209451749,Leak,1.0
473,2.510068129999997,3.248795939999997,-0.13019371,-0.249401233,Control,1.0
256,3.220042800000002,3.844825,-0.940168381,-1.054227426,Clog,0.0
516,4.38993301,4.89026587,-0.810058594,-0.754834386,Control,1.0
356,1.690093229999999,2.37984999,0.689781189,0.220681937,Clog,0.0
306,3.56990433,4.113228929999998,-0.390029907,0.555561468,Clog,0.0
590,3.130092999999995,3.527396529999997,-0.550218582,-0.417149208,Control,1.0
381,2.459945679999997,3.232800480000002,0.219928741,0.022773543,Clog,0.0
338,2.319941330000002,3.007056960000003,0.15993309,0.287005928,Clog,0.0
311,2.19998932,2.995385630000001,0.479885101,0.393416788,Clog,0.0
525,3.129936219999998,3.891461720000002,0.280380249,-0.116726126,Control,1.0
9,2.110049059999998,2.760402879999997,0.369825363,0.276415862,Leak,1.0
249,2.179951480000003,2.678397540000002,0.299922943,0.432582873,Clog,0.0
22,2.430088419999997,3.223439630000001,0.149785995,0.182814117,Leak,1.0
221,2.52989616,3.105737149999996,0.049978256,0.039614454,Clog,0.0
523,3.969907000000003,4.718446269999998,-0.090032578,-0.308266708,Control,1.0
658,3.630000690000003,3.965604200000001,-0.850126266,-0.617943171,Control,1.0
747,4.375166319999998,4.802040959999999,-0.795291901,-0.643395528,Control,1.0
526,3.771034239999999,4.283357350000003,-0.360717773,-0.41504581,Control,1.0
640,3.535028080000004,4.302029279999999,-0.755153656,-0.994089486,Control,1.0
203,2.769846340000001,3.302066259999997,-0.189971924,-0.133918544,Clog,0.0
494,3.64002151,4.174791840000001,-0.529705048,-0.484234271,Control,1.0
93,2.9597023,3.444219130000004,0.520172119,1.16671275,Leak,1.0
365,2.931129460000001,3.44367432,0.248744965,1.169263253,Clog,0.0
328,3.399951169999998,4.18684017,0.479923248,0.073399274,Clog,0.0
467,3.51986084,4.248782590000005,-0.009544373,-0.102306574,Control,1.0
284,3.329981230000001,3.985751889999996,-0.250106812,-0.101364356,Clog,0.0
184,2.399977869999997,3.057388370000002,0.479896545,0.089428541,Clog,0.0
619,2.800195309999999,3.543983080000004,-0.020320892,-0.141195984,Control,1.0
361,2.250045009999997,3.007198239999997,0.129829407,-0.354863024,Clog,0.0
153,1.779732509999999,2.685048930000004,0.700141907,0.058368447,Clog,0.0
75,2.339817050000001,3.111116920000001,0.340057373,0.062650296,Leak,1.0
417,2.620124820000001,3.500483500000001,0.059749603,-0.270802045,Clog,0.0
277,2.98013306,3.686665380000001,0.430183411,0.288967311,Clog,0.0
68,2.739865880000004,3.308140899999998,0.040008545,0.422160322,Leak,1.0
594,3.220091249999996,3.475391770000002,-0.640216827,-0.389676283,Control,1.0
188,4.88961029,5.189986330000004,-1.70973587,-1.009989454,Clog,0.0
271,4.270658869999998,4.893576019999998,-0.960342407,-0.967059631,Clog,0.0
236,2.889738459999997,3.585679039999995,-0.309864044,-0.491564683,Clog,0.0
88,2.23993759,3.016773019999999,0.239936829,0.07959049,Leak,1.0
649,3.290054320000003,3.895489189999999,-0.610179901,-0.682031754,Control,1.0
117,3.114855959999996,3.431691359999999,-0.234981537,0.124472958,Leak,1.0
125,2.575430300000001,3.263139439999996,0.004444122,0.032655634,Leak,1.0
629,3.700128169999999,4.188035360000001,-0.920253754,-0.811093004,Control,1.0
289,1.729884340000002,2.61755492,0.649990082,0.005573321,Clog,0.0
238,2.440196610000001,3.244187840000002,0.339677811,0.118250334,Clog,0.0
0,2.540604019999996,3.231593619999998,0.039270401,-0.154288679,Leak,1.0
754,3.849839780000003,4.596909060000002,-0.569965363,-0.868770329,Control,1.0
350,2.579997250000002,3.464959760000003,0.530319214,0.19199244,Clog,0.0
667,3.09992561,3.716698780000002,-0.320051193,-0.222754522,Control,1.0
429,3.119590760000001,4.059120739999997,0.290725708,-0.347867899,Clog,0.0
278,2.490092469999997,3.088829280000002,0.620223999,0.663159939,Clog,0.0
598,2.955301669999997,3.277694279999999,-0.375427246,-0.194598888,Control,1.0
116,2.011524199999997,2.736885379999997,0.66835022,0.440887142,Leak,1.0
228,2.560364529999998,3.040573980000001,-0.080490112,0.144882102,Clog,0.0
542,3.11038971,3.886654759999999,-0.430515289,-0.931905155,Control,1.0
618,2.759919740000001,3.521199110000005,0.019954681,-0.08952761,Control,1.0
398,4.579890439999996,4.875818259999999,-0.700016022,-0.609471778,Clog,0.0
274,3.08006477,3.773949559999998,0.330251694,-0.016583939,Clog,0.0
318,3.309853360000002,3.845612769999999,-0.329978943,-0.532122751,Clog,0.0
527,3.919589999999999,4.611781739999998,-0.509273529,-0.632379625,Control,1.0
144,3.580155940000004,4.111326510000005,-0.300281525,-0.153085837,Leak,1.0
730,4.440023799999999,4.999099029999996,-0.860149384,-0.790662086,Control,1.0
753,4.110128779999997,4.836290519999999,-0.530254364,-0.659118344,Control,1.0
691,3.480020140000001,4.195254580000004,-0.700145721,-1.039924844,Control,1.0
731,4.169969940000001,4.911490629999996,-0.59009552,-0.693408829,Control,1.0
268,2.179788969999997,2.959889480000001,1.130527496,0.733473766,Clog,0.0
543,2.929956820000001,3.446840430000002,-0.350082397,-0.219819272,Control,1.0
307,2.760160060000004,3.444700840000003,0.019714355,0.512089487,Clog,0.0
310,2.790000919999997,3.369902779999997,-0.110126495,0.052469108,Clog,0.0
448,4.659872440000001,5.170712299999998,-0.579998016,-0.435582563,Control,1.0
46,2.309854510000001,2.97960132,0.370019913,0.257266,Leak,1.0
349,2.619850159999999,3.355429110000003,0.790466309,0.535538033,Clog,0.0
490,5.009909820000001,5.658051849999996,-1.1300354,-1.260406697,Control,1.0
261,3.719934080000002,4.118908760000004,-1.440059662,-1.332294403,Clog,0.0
195,4.299917600000001,4.774475989999999,-0.220043182,0.28914459,Clog,0.0
762,3.560051350000002,4.345225649999996,0.019823074,-0.111089109,Control,1.0
641,2.979989620000005,3.798318450000004,-0.200115204,-0.424587818,Control,1.0
107,2.029973219999999,2.7115616,0.849901199,0.313200386,Leak,1.0
59,1.949938199999998,2.752286769999998,0.629936218,0.665229264,Leak,1.0
632,3.280049900000002,3.878645800000001,-0.500175476,-0.514218666,Control,1.0
634,3.100137330000003,3.614572729999999,-0.320262909,-0.282098252,Control,1.0
100,3.849757770000004,4.364705990000004,-0.569883347,-0.403677695,Leak,1.0
440,2.430187230000001,3.174863680000001,0.980129242,0.83798188,Clog,0.0
684,2.970019910000005,3.643453829999999,-0.190145493,-0.40331455,Control,1.0
558,3.380094909999997,3.631551219999999,-0.80022049,-0.476698991,Control,1.0
659,3.441242219999999,3.774839100000001,-0.761367798,-0.583530335,Control,1.0
179,2.399835969999998,2.98527584,0.180038452,0.143461982,Clog,0.0
304,2.180048370000002,2.879920139999996,0.39982605,0.22421317,Clog,0.0
393,3.52002792,4.109031259999998,-0.540153503,-0.017326019,Clog,0.0
439,2.13999939,2.920774010000002,1.270317078,1.027642435,Clog,0.0
734,4.40996857,4.999096900000001,-0.530094147,-0.487263099,Control,1.0
149,1.600028989999998,2.331074440000002,1.079845428,0.787372738,Leak,1.0
124,3.029864879999998,3.359034219999998,-0.249990463,0.015757502,Leak,1.0
607,3.039952849999999,3.60406691,-0.26007843,-0.320749943,Control,1.0
664,3.569982150000001,4.349577160000003,-0.790107727,-0.83391043,Control,1.0
185,2.720129389999997,3.338595139999995,0.359745026,0.008130445,Clog,0.0
517,3.829845429999999,4.605416290000001,-0.649971008,-0.364265793,Control,1.0
656,2.770158389999999,3.572667870000004,0.009716034,-0.212767891,Control,1.0
431,4.080211640000002,4.564045780000001,-0.669895172,-0.588797213,Clog,0.0
752,4.81045761,5.297214169999997,-1.230583191,-1.166211146,Control,1.0
433,4.1497879,4.759322689999998,-0.739471436,-1.06018244,Clog,0.0
321,2.390057369999997,3.005924680000003,0.589817047,0.258831323,Clog,0.0
353,2.89061203,3.601433319999998,0.419704437,0.342205438,Clog,0.0
704,4.040034479999999,4.702952120000003,-0.160160065,-0.536119631,Control,1.0
142,1.700034329999998,2.441265519999998,0.679840088,0.311233534,Leak,1.0
662,3.129806520000002,3.795684770000001,-0.449932098,-0.610150961,Control,1.0
141,3.049961089999996,3.566029749999998,-0.37008667,-0.432178618,Leak,1.0
399,3.579978939999997,4.01358982,-0.400104523,-0.146747272,Clog,0.0
487,2.809937290000004,3.641053530000004,-0.330062866,-0.406420123,Control,1.0
320,3.820130160000001,4.751152340000001,-0.840255737,-0.565445937,Clog,0.0
19,2.730017849999999,3.532154350000003,0.149856567,0.076309449,Leak,1.0
172,1.880146029999999,2.516689200000002,0.799728394,0.312641248,Clog,0.0
623,2.849588009999998,3.713796670000001,-0.069713593,-0.323604138,Control,1.0
312,2.690015789999997,3.347863940000003,-0.010141373,-0.106758077,Clog,0.0
390,3.87990074,4.528246310000004,-0.900026321,-0.405231025,Clog,0.0
710,5.070044710000001,5.532981179999997,-1.190170288,-1.282955136,Control,1.0
12,2.690129849999998,3.37607277,0.089744568,-0.214822234,Leak,1.0
407,2.119998549999998,2.847375750000005,0.65987587,0.492050938,Clog,0.0
408,3.079970930000002,3.833052899999998,-0.300096512,-0.365203243,Clog,0.0
305,2.179879759999999,2.94199571,0.599994659,1.066390341,Clog,0.0
354,3.359147640000003,3.830559319999999,-0.579273224,-0.257308291,Clog,0.0
25,2.514957809999999,3.090336569999998,0.064916611,0.093870995,Leak,1.0
572,3.455091859999996,3.714553949999996,-0.875217438,-0.538964714,Control,1.0
169,2.249961089999996,2.908516029999998,0.12991333,-0.227357755,Clog,0.0
38,2.969805149999999,3.551238579999996,-0.389930725,-0.331433917,Leak,1.0
501,3.870113750000002,4.51762574,-0.290239334,-0.245412509,Control,1.0
245,3.119768520000001,3.808610369999997,-0.539894104,-0.687753325,Clog,0.0
298,2.170351410000002,2.781785159999998,0.40952301,-0.077914737,Clog,0.0
637,3.72018585,4.119911909999999,-0.940311432,-0.747606385,Control,1.0
416,4.310043719999996,4.988116650000002,-0.730169296,-0.812165586,Clog,0.0
622,3.350076290000004,3.89315422,-0.570201874,-0.475364128,Control,1.0
272,4.109732059999999,4.486897810000002,-0.799415588,-0.555152105,Clog,0.0
586,2.819923779999996,3.335021990000001,-0.240049362,-0.216561297,Control,1.0
154,2.569714360000003,3.134252210000003,-0.089839935,-0.282388371,Clog,0.0
126,2.609986880000001,3.170474480000003,0.169887543,0.474505298,Leak,1.0
547,3.319975280000001,3.852116099999996,-0.740100861,-0.619713034,Control,1.0
341,2.279980470000002,3.012601050000004,0.199893951,0.290135919,Clog,0.0
430,4.300178529999997,4.776258319999997,-0.889862061,-1.096096498,Clog,0.0
287,1.830016329999996,2.462895899999996,0.549858093,0.203109399,Clog,0.0
113,2.78505363,3.386812319999997,-0.205179214,-0.033104878,Leak,1.0
750,4.45506134,5.010829189999995,-0.87518692,-0.918722513,Control,1.0
173,1.849711609999996,2.575955820000001,0.530162811,0.090350979,Clog,0.0
359,2.529985050000001,3.103715059999999,0.249889374,0.472799578,Clog,0.0
445,3.00972252,3.561523500000003,-0.529848099,-0.371300736,Control,1.0
57,2.219775010000003,2.992539150000002,0.260099411,0.087506178,Leak,1.0
528,3.294954300000001,3.976546419999998,0.115362167,-0.192387296,Control,1.0
222,2.199911879999998,2.803460390000001,0.77996254,0.539819069,Clog,0.0
280,2.634903720000001,3.224128269999998,0.57541275,0.490804849,Clog,0.0
17,2.099858860000005,2.788360099999998,0.680015564,0.91662194,Leak,1.0
669,3.430070499999999,3.829198410000004,-0.650196075,-0.345191755,Control,1.0
322,2.700146479999997,3.216875290000001,0.279727936,0.021114255,Clog,0.0
255,2.849990839999997,3.414789829999997,-0.170116425,-0.16164681,Clog,0.0
514,4.330138779999999,5.039042500000001,-1.050264359,-1.084904975,Control,1.0
616,3.359973530000005,3.587310309999999,-0.580099106,-0.17759763,Control,1.0
732,4.119980239999997,4.809934730000002,-0.54010582,-0.602911524,Control,1.0
190,2.169847869999998,2.772228329999997,0.41002655,0.010469622,Clog,0.0
115,2.369797520000002,2.915282520000002,0.110076904,0.185054612,Leak,1.0
676,2.89999924,3.632177779999999,-0.120124817,-0.112901435,Control,1.0
462,2.740039830000001,3.421418009999996,0.670276642,0.401518103,Control,1.0
94,2.470157620000002,2.986681470000001,0.209716797,0.344431739,Leak,1.0
180,3.490057369999995,3.901048779999996,-0.910182953,-0.74816892,Clog,0.0
301,2.830301669999997,3.410214889999999,-0.250427246,-0.661048739,Clog,0.0
617,2.970132450000001,3.669596769999998,-0.190258026,-0.262714513,Control,1.0
579,3.520101929999996,3.923146840000001,-0.940227509,-0.729043932,Control,1.0
537,2.860227969999997,3.457721819999996,-0.280353546,-0.54723683,Control,1.0
534,3.10004807,3.726261440000002,0.310268402,0.295472,Control,1.0
675,2.964978790000004,3.650332580000004,-0.18510437,-0.187491232,Control,1.0
518,2.884961699999998,3.663859330000001,-0.10508728,-0.187463904,Control,1.0
5,2.350263980000001,3.080854170000002,0.229610443,0.414202192,Leak,1.0
748,4.359917070000002,4.994685949999997,-0.780042648,-0.830180142,Control,1.0
45,2.619839860000003,3.19680893,0.260034561,0.406579182,Leak,1.0
493,3.58012772,4.257822609999998,-0.169811249,-0.333142478,Control,1.0
580,3.299780269999999,3.732471109999999,-0.719905853,-0.552866142,Control,1.0
171,2.939959720000001,3.584835010000003,-0.560085297,-0.729570373,Clog,0.0
16,3.989755250000002,4.537164449999999,-1.209880829,-0.915529716,Leak,1.0
48,2.660160449999999,3.20616339,-0.080286026,0.032057845,Leak,1.0
738,4.039968869999996,4.593492820000002,-0.460094452,-0.463000799,Control,1.0
725,4.130574040000003,4.667210360000002,-0.150699615,-0.027992103,Control,1.0
3,2.260049440000003,2.913277300000004,0.519824982,0.445398734,Leak,1.0
552,3.20989075,3.605222259999998,-0.630016327,-0.387667001,Control,1.0
511,4.100293730000004,4.900319330000002,-0.820419312,-0.931290802,Control,1.0
316,2.450057600000001,3.172126259999999,0.329816818,0.178853461,Clog,0.0
538,2.719992069999996,3.287613489999998,-0.140117645,-0.346535398,Control,1.0
447,2.650176239999997,3.34588905,-0.270301819,-0.30987265,Control,1.0
703,4.039900970000001,4.63088393,-0.16002655,-0.374130989,Control,1.0
283,3.76072769,4.267326749999999,-0.550411224,-0.540258302,Clog,0.0
96,2.499975969999998,3.164562560000004,-0.020101547,-0.102559145,Leak,1.0
285,3.690328220000005,4.165476890000001,-0.910453796,-0.616779457,Clog,0.0
512,4.469974139999998,5.127020219999999,-1.190099716,-1.17458879,Control,1.0
225,3.22009697,3.891420509999996,-0.640222549,-0.709667648,Clog,0.0
26,2.84992828,3.362312019999997,-0.270053864,-0.174139861,Leak,1.0
603,2.689882660000002,3.28622859,-0.11000824,-0.212555787,Control,1.0
263,2.559918979999999,3.121848800000002,-0.280044556,-0.607704563,Clog,0.0
437,3.439421079999995,3.886150749999999,-0.129104614,-0.180169222,Clog,0.0
50,2.479955289999999,3.030147820000003,0.299919128,0.685808375,Leak,1.0
364,2.749824140000001,3.268039960000003,0.030050278,0.690638379,Clog,0.0
229,2.490396879999999,3.10861087,0.089477539,0.064829915,Clog,0.0
37,2.511620330000003,3.204461150000004,-0.031745911,-0.126318529,Leak,1.0
157,3.390001679999997,3.766748129999996,-0.310127258,-0.188169491,Clog,0.0
237,2.660018919999999,3.391277889999998,0.019855499,-0.141725627,Clog,0.0
733,3.899994280000001,4.521133810000002,-0.320119858,-0.313419765,Control,1.0
374,2.25993347,2.838829269999998,0.419940948,0.435011493,Clog,0.0
469,4.209762570000002,4.681911239999998,-0.799446106,-0.695639652,Control,1.0
370,2.889974209999998,3.428776900000003,-0.110099792,0.088825639,Clog,0.0
442,2.859939189999999,3.825697210000001,0.650377274,0.05393825,Clog,0.0
735,4.429953770000001,4.993802499999997,-0.550079346,-0.475204913,Control,1.0
175,2.099864200000003,2.740533889999998,0.280010223,-0.098605979,Clog,0.0
650,3.399745940000003,4.113426259999997,-0.719871521,-0.916153984,Control,1.0
127,3.120206450000005,3.70048233,-0.340332031,-0.005191765,Leak,1.0
567,3.160200500000002,3.618260729999996,-0.58032608,-0.444395011,Control,1.0
194,2.350027470000001,3.067367480000001,0.729846954,0.453797922,Clog,0.0
652,2.759864810000003,3.376561850000002,-0.079990387,-0.127085862,Control,1.0
660,2.789916990000002,3.596273959999998,-0.110042572,-0.369463004,Control,1.0
383,4.629969019999997,5.222487180000002,-0.550094604,-0.318880238,Clog,0.0
503,2.839953989999998,3.587957110000005,-0.060079575,-0.278125957,Control,1.0
530,3.624656680000001,4.474221890000003,-0.21434021,-0.749336885,Control,1.0
624,3.579911800000005,4.260905600000001,-0.800037384,-0.853878631,Control,1.0
737,4.374756239999996,4.950196069999997,-0.794881821,-0.813564549,Control,1.0
638,3.609889600000002,3.930876430000005,-0.830015182,-0.547976,Control,1.0
736,4.219878390000002,4.907865099999999,-0.340003967,-0.408374579,Control,1.0
162,2.659970470000001,3.430905409999998,-0.280096054,-0.597547322,Clog,0.0
549,3.390127559999996,3.949216649999997,-0.810253143,-0.742255909,Control,1.0
152,2.10002441,2.85269568,0.279850006,0.098326693,Clog,0.0
533,3.460189060000001,4.021726480000002,0.150127411,-0.071996463,Control,1.0
548,3.30004349,3.7877996,-0.720169067,-0.62343141,Control,1.0
587,3.339989089999996,3.846978010000001,-0.76011467,-0.722025709,Control,1.0
111,2.299870299999998,2.899193350000001,0.18000412,0.17869852,Leak,1.0
226,3.010092159999999,3.63769293,0.069782257,-0.027303434,Clog,0.0
539,2.900253300000003,3.522991560000001,-0.220378876,-0.52663189,Control,1.0
103,4.039888000000005,4.635067730000003,-0.76001358,-0.713322029,Leak,1.0
421,2.529968259999997,3.161797270000001,0.149906158,0.332899181,Clog,0.0
419,1.620014189999999,2.292225559999999,1.059860229,0.930079071,Clog,0.0
119,2.350273129999998,3.090176200000002,0.329601288,0.239182408,Leak,1.0
53,2.660171130000002,3.461794510000004,0.119703293,0.141379838,Leak,1.0
151,2.17009277,2.688482879999999,0.209781647,0.17168616,Clog,0.0
403,4.13000641,4.896541820000003,-0.850131989,-0.875625171,Clog,0.0
718,4.420047,4.941142129999999,-0.540172577,-0.666625142,Control,1.0
207,2.629938509999995,3.301681109999997,-0.050064087,0.05241083,Clog,0.0
645,2.869949339999998,3.390528500000002,-0.190074921,-0.109174325,Control,1.0
593,3.01997223,3.38820827,-0.440097809,-0.280837915,Control,1.0
8,2.359972380000002,3.0353104,0.219902039,0.427169671,Leak,1.0
621,3.630139920000005,4.044375430000002,-0.850265503,-0.647073532,Control,1.0
36,2.469815830000002,3.276176660000004,0.310058594,-0.202197186,Leak,1.0
452,3.769954679999998,4.504733969999997,-1.090080261,-1.306770437,Control,1.0
253,2.069969940000004,2.814832230000004,0.40990448,0.189422969,Clog,0.0
303,3.360185620000003,4.003326999999999,-0.180311203,0.650966466,Clog,0.0
581,3.479929349999999,3.890998849999995,-0.900054932,-0.710579915,Control,1.0
554,3.390048980000003,3.759641260000002,-0.710174561,-0.447766824,Control,1.0
722,4.389927670000002,4.954950450000002,-0.410053253,-0.475244307,Control,1.0
262,2.19991379,3.011122850000003,0.279960632,-0.090078001,Clog,0.0
297,3.089891819999998,3.785701249999995,-0.010017395,-0.416797837,Clog,0.0
414,2.210068510000003,2.735123810000001,0.269805908,0.652063467,Clog,0.0
150,2.10978622,2.899151809999996,0.770088196,0.108157277,Leak,1.0
609,3.370035549999997,3.730929519999997,-0.790161133,-0.524853454,Control,1.0
679,3.440106960000001,3.862082860000001,-0.660232544,-0.64644952,Control,1.0
488,5.009907909999999,5.57436066,-1.130033493,-1.155722552,Control,1.0
147,2.249977110000003,2.801988510000001,0.429897308,0.333816696,Leak,1.0
146,3.659849549999997,4.166703779999999,-0.079975128,-0.12355153,Leak,1.0
589,2.820230869999996,3.315272199999995,-0.240356445,-0.182107415,Control,1.0
707,4.250109859999998,4.9660574,-0.370235443,-0.749457321,Control,1.0
576,4.049658199999996,4.250446689999997,-1.469783783,-1.043587415,Control,1.0
348,4.65016327,5.141467660000004,-1.139846802,-1.276989645,Clog,0.0
463,2.59979744,3.327293209999997,0.510519028,0.558043634,Control,1.0
325,4.67972031,5.137540119999997,-1.099845886,-0.943202438,Clog,0.0
186,4.400055689999999,5.017758840000003,-0.420181274,-0.390598506,Clog,0.0
123,3.305115129999997,3.749889039999999,-0.725240707,-0.567058076,Leak,1.0
651,3.619998930000001,4.090334230000003,-0.940124512,-0.837718233,Control,1.0
143,1.319949339999997,2.221463799999999,1.059925079,0.488014488,Leak,1.0
728,4.389958189999998,4.846005209999998,-0.410083771,-0.249505538,Control,1.0
197,4.0199192,4.517131799999998,-0.040044785,-0.165550415,Clog,0.0
279,4.290258789999996,4.752897529999998,-0.979942322,-1.045850742,Clog,0.0
293,2.760110470000001,3.491551530000002,0.019763947,0.090409225,Clog,0.0
400,4.329938509999998,4.781046100000005,-1.050064087,-0.785082131,Clog,0.0
122,2.360019680000001,2.947479950000002,0.319854736,0.269889505,Leak,1.0
183,2.570069889999999,3.050327469999999,0.209804535,0.125389851,Clog,0.0
202,2.670180890000005,3.382725900000004,0.109693527,0.032991951,Clog,0.0
438,4.400253679999999,5.003962569999999,-1.08993721,-1.078945296,Clog,0.0
246,3.180216219999998,3.765549110000002,-0.600341797,-0.64348392,Clog,0.0
415,4.370088199999998,4.960512470000005,-1.090213776,-0.980387319,Clog,0.0
678,3.024928670000001,3.696184209999998,-0.245054245,-0.47990342,Control,1.0
129,2.670202639999999,3.169998209999996,-0.090328217,0.014717292,Leak,1.0
402,3.490203860000001,4.311498059999998,-0.310329437,-0.434924359,Clog,0.0
605,2.980033490000004,3.78690658,-0.200159073,-0.532199721,Control,1.0
597,3.150022889999995,3.523043610000002,-0.570148468,-0.45377983,Control,1.0
692,3.264999010000004,3.998316070000001,-0.485124588,-0.833754905,Control,1.0
219,2.515021129999997,3.1522203,-0.035146713,-0.015489972,Clog,0.0
694,3.620078660000004,4.111915140000001,-0.840204239,-0.958549609,Control,1.0
584,2.849903489999996,3.448884100000001,-0.270029068,-0.235750382,Control,1.0
697,3.460044480000001,4.09094408,-0.680170059,-0.989717527,Control,1.0
744,3.710401919999995,4.433896349999998,-0.130527496,-0.27865222,Control,1.0
386,1.88996315,2.788438419999999,0.78991127,0.396602206,Clog,0.0
739,3.609892269999996,4.240356649999995,-0.030017853,-0.088970508,Control,1.0
509,3.849908070000001,4.588617869999997,0.029966354,-0.222397739,Control,1.0
267,2.999938960000001,3.683448460000001,0.410377502,0.099331843,Clog,0.0
630,3.049937820000004,3.66661663,-0.2700634,-0.277022967,Control,1.0
441,3.200182339999998,3.906495749999998,0.110134125,-0.001472285,Clog,0.0
496,3.460073850000001,3.955774069999997,-0.380199432,-0.284957411,Control,1.0
112,2.729877469999998,3.243933230000003,-0.050003052,-0.027635147,Leak,1.0
232,2.134901809999999,2.729808000000002,0.34497261,0.437569987,Clog,0.0
665,3.459924319999999,4.065075620000002,-0.680049896,-0.553824123,Control,1.0
373,3.160182949999999,3.85837918,0.019691467,0.750946101,Clog,0.0
233,2.429981989999998,3.137755780000003,0.549892426,0.113021973,Clog,0.0
606,2.974982830000002,3.508889360000005,-0.195108414,-0.24242847,Control,1.0
317,3.569824980000003,4.070932979999998,-0.589950562,0.012856022,Clog,0.0
410,3.295072939999997,3.897121779999999,0.284801483,0.239012499,Clog,0.0
683,3.050019840000004,3.608818939999999,-0.270145416,-0.399703586,Control,1.0
358,2.110028080000003,2.809279460000003,0.369846344,-0.209739743,Clog,0.0
258,1.799926759999998,2.389273609999996,0.879947662,0.460169544,Clog,0.0
282,2.430046079999997,3.177997550000001,0.980270386,0.225051458,Clog,0.0
376,2.149930570000002,2.82844841,0.629943848,0.34302581,Clog,0.0
384,2.320092390000003,2.850738580000002,0.559782028,0.133693163,Clog,0.0
224,2.639925380000001,3.265392769999998,-0.060050964,-0.153774968,Clog,0.0
724,4.329951480000002,4.945424489999997,-0.450077057,-0.560925018,Control,1.0
626,2.879972080000002,3.549820780000005,-0.100097656,-0.148365637,Control,1.0
472,2.860717009999998,3.342685499999998,0.249599457,0.508913653,Control,1.0
347,4.439874270000004,5.074279340000004,-0.9295578,-1.28443401,Clog,0.0
505,4.210029599999999,4.692223769999998,-1.030155182,-0.104280922,Control,1.0
751,4.089918519999998,4.849591459999999,-0.510044098,-0.768229854,Control,1.0
705,4.125096510000002,4.698549959999998,-0.245222092,-0.513828274,Control,1.0
688,3.149964900000001,3.820428210000003,-0.370090485,-0.629197792,Control,1.0
653,2.919965740000002,3.72006288,-0.240091324,-0.499672946,Control,1.0
716,4.809985350000002,5.21928024,-0.930110931,-0.985136447,Control,1.0
556,2.830040359999998,3.318703880000001,-0.250165939,-0.153093365,Control,1.0
577,3.879846950000001,4.239362639999996,-1.299972534,-1.045974512,Control,1.0
85,2.149717330000001,2.833634680000003,0.530157089,0.409449949,Leak,1.0
242,2.749855800000002,3.434664899999998,-0.269981384,0.025567282,Clog,0.0
159,2.649924469999998,3.36428467,-0.270050049,-0.698972557,Clog,0.0
524,2.710142519999998,3.49661004,0.60017395,0.252586003,Control,1.0
35,2.539972689999999,3.227004059999999,0.039901733,0.174220949,Leak,1.0
540,2.980173110000003,3.440945249999999,-0.300298691,-0.40101939,Control,1.0
170,2.569923779999996,3.356954309999999,0.009950638,0.098581823,Clog,0.0
655,2.980195620000003,3.579346139999998,-0.200321198,-0.259691307,Control,1.0
666,3.399915310000004,3.899839790000001,-0.620040894,-0.400545185,Control,1.0
717,3.939990229999996,4.737793129999996,-0.060115814,-0.511435949,Control,1.0
95,2.345026019999999,2.950270260000003,0.334848404,0.326487158,Leak,1.0
563,3.280187990000002,3.712958829999998,-0.700313568,-0.530437226,Control,1.0
240,2.38997269,3.138999249999998,0.289901733,0.087123505,Clog,0.0
574,3.250337979999998,3.707608479999998,-0.670463562,-0.509926899,Control,1.0
460,3.390050510000002,3.79563606,-1.110176086,-1.171280565,Control,1.0
553,3.4399704,3.799941509999996,-0.860095978,-0.596864594,Control,1.0
671,2.789913179999999,3.58768448,-0.110038757,-0.223504982,Control,1.0
206,2.25983124,2.922099230000004,0.220043182,0.194878218,Clog,0.0
392,3.189942930000001,3.79065611,0.089931488,0.226986906,Clog,0.0
397,2.269768520000003,2.985101690000004,0.210105896,0.108823018,Clog,0.0
648,3.300069430000001,3.712547880000002,-0.520195007,-0.348713698,Control,1.0
217,2.02996559,2.641450670000001,0.849908829,0.358009855,Clog,0.0
4,2.895096589999998,3.564390159999999,0.584777832,0.644558835,Leak,1.0
682,3.069955440000001,3.810328339999998,-0.290081024,-0.616805768,Control,1.0
612,3.140139009999999,3.571297109999996,-0.560264587,-0.356403447,Control,1.0
546,2.939863590000002,3.556699609999995,-0.359989166,-0.368234336,Control,1.0
98,4.199958799999997,4.798528519999998,-1.020084381,-0.523074682,Leak,1.0
573,3.615065000000001,3.743815169999998,-1.035190582,-0.585514761,Control,1.0
406,3.989982990000001,4.644225409999997,-0.410108566,-0.497330701,Clog,0.0
502,3.130040739999998,3.646418310000001,-0.350166321,-0.240053953,Control,1.0
47,2.649800109999997,3.30531315,-0.16992569,-0.230224554,Leak,1.0
32,2.719881440000002,3.330017130000002,-0.140007019,0.113611718,Leak,1.0
200,2.390037540000002,3.036695539999997,0.289836884,0.164729585,Clog,0.0
134,2.710037229999998,3.154044300000002,-0.030162811,0.06191056,Leak,1.0
27,2.379930879999996,3.070647520000001,0.199943542,0.137071024,Leak,1.0
673,2.870006180000004,3.70413654,-0.09013176,-0.24862128,Control,1.0
230,2.290190509999999,2.963756239999999,0.689683914,0.270195599,Clog,0.0
489,4.204926679999996,4.901020489999997,-0.325052261,-0.440264114,Control,1.0
378,3.314957049999997,3.909853980000001,0.264917374,0.264230135,Clog,0.0
288,3.44992027,4.009529090000001,-0.670045853,-0.445062555,Clog,0.0
418,1.639947509999999,2.316552659999999,1.13992691,0.959006258,Clog,0.0
391,4.220165250000001,4.857817670000003,-1.040290833,-0.608970473,Clog,0.0
592,2.829924009999999,3.449854619999996,-0.250049591,-0.378278281,Control,1.0
498,3.28987274,3.857248740000003,-0.509998322,-0.299377975,Control,1.0
138,2.290021899999999,2.944059279999998,0.389852524,0.384019656,Leak,1.0
62,2.869760130000003,3.492435960000002,-0.089885712,-0.138133171,Leak,1.0
471,3.519631200000003,4.080658099999997,-0.309314728,-0.36518329,Control,1.0
647,3.449782939999999,3.942929939999999,-0.669908524,-0.576320303,Control,1.0
128,2.389865880000002,3.340950120000002,0.290008545,0.012659935,Leak,1.0
742,4.180509950000001,4.791470650000001,-0.600635529,-0.766321185,Control,1.0
520,4.689938739999999,5.21242071,-0.810064316,-0.86080239,Control,1.0
64,2.330554960000001,2.95497933,0.349319458,0.327839352,Leak,1.0
14,3.1802536,3.847148600000004,-0.400379181,-0.475625009,Leak,1.0
156,1.849965289999997,2.522636139999999,0.529909134,0.316746579,Clog,0.0
40,2.661384200000001,3.393467090000001,0.118490219,0.321315917,Leak,1.0
492,3.639902499999998,4.305177020000002,-0.329586029,-0.525115012,Control,1.0
379,2.33005524,3.007395189999997,0.349819183,0.386360949,Clog,0.0
187,2.409928890000003,2.941084680000003,0.369945526,0.231460702,Clog,0.0
216,2.63989716,3.105717700000003,-0.160022736,0.247862002,Clog,0.0
52,2.489793779999999,3.289250799999998,0.190080643,-0.065646136,Leak,1.0
337,2.179691699999999,2.869420589999997,0.400182724,0.23460956,Clog,0.0
295,3.280351260000003,3.762100410000002,-0.500476837,-0.233128184,Clog,0.0
251,2.389855959999998,3.19201966,-0.109981537,-0.608640866,Clog,0.0
461,3.03486938,3.732752639999998,0.075447083,0.138700513,Control,1.0
455,2.770333860000001,3.263440660000001,-0.490459442,-0.629530304,Control,1.0
760,4.024803540000001,4.70263491,-0.444929123,-0.47111596,Control,1.0
269,3.494879149999996,4.069299889999996,-0.184562683,-0.163345398,Clog,0.0
201,2.299976350000001,2.976469629999997,0.379898071,0.173133982,Clog,0.0
161,2.65008087,3.324565449999998,-0.270206451,-0.660269872,Clog,0.0
555,2.700099950000002,3.511647799999999,-0.020225525,-0.204031049,Control,1.0
401,4.500118260000001,5.17098206,-1.320243835,-0.936032948,Clog,0.0
476,2.920182799999999,3.718132390000001,-0.14030838,-0.144271109,Control,1.0
105,1.93996735,2.704096189999998,0.939907074,0.277052057,Leak,1.0
565,3.080000309999996,3.537413860000001,-0.500125885,-0.358635478,Control,1.0
389,2.569884489999996,3.024728319999998,0.309989929,-0.060993439,Clog,0.0
1,2.990052800000001,3.621154619999999,-0.210178375,-0.564697271,Leak,1.0
712,4.720007710000001,5.193725539999999,-0.740133286,-0.818704421,Control,1.0
561,2.779764559999997,3.333460770000002,-0.199890137,-0.182960795,Control,1.0
80,2.460121539999996,3.13785661,0.119752884,0.032693508,Leak,1.0
205,2.159735870000002,2.788556089999997,0.72013855,0.202728914,Clog,0.0
34,2.940275569999997,3.547267890000001,-0.360401154,-0.34181389,Leak,1.0
508,3.90004807,4.380149530000001,-0.920173645,-0.165640444,Control,1.0
427,3.980052189999999,4.57395241,-0.100177765,-0.086656207,Clog,0.0
454,2.710110090000001,3.355778029999996,-0.130235672,-0.151527956,Control,1.0
366,1.920058440000002,2.567379499999998,0.459815979,0.027822396,Clog,0.0
91,3.314962389999998,3.677408870000001,-0.635087967,-0.460858577,Leak,1.0
339,4.620096589999996,5.317482479999995,-1.040222168,-1.075588629,Clog,0.0
564,3.144924549999999,3.5197699,-0.565050125,-0.396076761,Control,1.0
345,5.159901809999997,5.70175875,-1.28002739,-1.244020096,Clog,0.0
241,2.259948729999998,2.830201010000003,0.41992569,0.398804002,Clog,0.0
13,2.609951019999997,3.108447730000002,0.069923401,-0.257392426,Leak,1.0
315,2.62996674,3.275761950000003,0.049907684,-0.031019062,Clog,0.0
600,3.370008849999998,3.646637290000001,-0.79013443,-0.614158699,Control,1.0
387,2.630010220000003,3.278852480000005,0.149864197,0.142443261,Clog,0.0
273,2.949858860000003,3.571329389999999,0.660457611,0.315529322,Clog,0.0
166,3.139996720000003,3.64093789,-0.760122299,-0.795857277,Clog,0.0
756,3.900381469999999,4.585358739999997,-0.32050705,-0.478185101,Control,1.0
646,3.280240630000002,3.891138300000001,-0.500366211,-0.542691255,Control,1.0
484,2.950040440000002,3.670433860000003,-0.170166016,-0.406907679,Control,1.0
745,4.090029139999999,4.6320859,-0.510154724,-0.499563179,Control,1.0
504,3.549710080000001,4.040096909999999,-0.569835663,-0.672530753,Control,1.0
243,3.880033109999999,4.56282083,-1.100158691,-1.436599392,Clog,0.0
566,3.050024409999999,3.573317949999996,-0.470149994,-0.391842835,Control,1.0
562,3.700168990000002,4.27934604,-1.120294571,-1.163270432,Control,1.0
686,3.28994522,4.038853330000002,-0.510070801,-0.88065937,Control,1.0
189,2.200047299999998,2.782073620000002,0.279827118,0.630801758,Clog,0.0
699,3.830026250000003,4.498637309999999,-1.050151825,-1.333822217,Control,1.0
475,4.009805300000004,4.657842930000001,-1.229930878,-1.007641923,Control,1.0
681,3.3399559,3.9698262,-0.560081482,-0.732264651,Control,1.0
510,4.330149079999998,4.951950920000002,-0.750274658,-0.892492521,Control,1.0
58,2.62995377,3.393478609999995,-0.050079346,-0.148976945,Leak,1.0
474,2.990151600000001,3.531190720000001,-0.610277176,-0.681614675,Control,1.0
560,3.179991149999999,3.714256290000002,-0.60011673,-0.546114324,Control,1.0
252,2.649907679999998,3.284356250000002,-0.370033264,-0.497236516,Clog,0.0
21,2.910284419999996,3.462909109999998,-0.330410004,-0.237885515,Leak,1.0
313,2.600036619999997,3.254216470000003,0.079837799,-0.019112961,Clog,0.0
459,2.60992165,3.217764259999999,-0.230047226,-0.712611409,Control,1.0
160,2.399928280000001,2.940010619999999,-0.020053864,-0.462673211,Clog,0.0
276,4.040092469999998,4.422733780000002,-0.629776001,-0.505879529,Clog,0.0
191,3.439938350000002,4.141233410000002,0.539936066,0.168742051,Clog,0.0
385,2.519994350000005,3.19722118,0.259880066,0.208780152,Clog,0.0
413,2.80004272,3.244313429999998,-0.020168304,0.098740343,Clog,0.0
491,4.779895020000001,5.401256069999999,-0.900020599,-1.029956153,Control,1.0
343,4.1900856,4.798715310000002,-0.310211182,-0.500028411,Clog,0.0
308,2.51992035,3.204479800000001,0.159954071,0.152274113,Clog,0.0
661,3.170055390000002,3.712296539999997,-0.490180969,-0.492728305,Control,1.0
130,2.60998764,3.29053657,-0.03011322,0.121872157,Leak,1.0
663,3.199865340000002,3.824538029999999,-0.519990921,-0.575344491,Control,1.0
99,4.060229870000001,4.501593910000004,-0.780355453,-0.519044766,Leak,1.0
372,2.430037690000002,3.006773749999997,0.449836731,0.129069687,Clog,0.0
87,2.060242080000002,2.884859939999998,0.519632339,0.280666403,Leak,1.0
458,3.110157779999998,3.609760480000002,-0.630283356,-0.186457806,Control,1.0
330,2.879813389999999,3.548827550000002,1.000061035,0.730646169,Clog,0.0
214,4.280323029999998,4.703902249999999,-1.100448608,-0.320721088,Clog,0.0
466,3.370171360000004,4.127680700000003,0.340145111,-0.10470755,Control,1.0
121,1.889987949999998,2.721606250000001,0.789886475,0.437769852,Leak,1.0
614,2.990050889999999,3.573427620000004,-0.210176468,-0.172009966,Control,1.0
20,2.520190429999996,3.316705029999998,0.35968399,-0.092537493,Leak,1.0
700,3.629912569999998,4.178354989999999,-0.750038147,-0.928444449,Control,1.0
71,2.119646070000002,2.787415119999999,0.560228348,0.29831616,Leak,1.0
106,1.679944990000003,2.388140210000003,0.999929428,0.755521025,Leak,1.0
270,3.680190280000001,4.231542809999997,-0.56987381,-0.31800661,Clog,0.0
435,4.28500519,4.832505210000001,-0.774688721,-0.966233876,Clog,0.0
102,3.429975130000003,4.15717102,-0.150100708,-0.254613702,Leak,1.0
