,ACC,Algorithm,F1score,F2score,MCC,model_index,parameters,FNR,FNR_Leak,FNR_Clog,MCC_multiclass,FPR,FPR_Leak,FPR_Clog,balanced_ACC
33,0.789165932,RF,0.797384619,0.749387104,0.600474112,34,"{'n_estimators': 200, 'criterion': 'entropy', 'min_samples_split': 5, 'bootstrap': False, 'max_depth': 8}",0.278910629,0.201473684,0.314551495,0.67640365,0.117333333,0.013772205,0.063105769,0.801878019
10,0.77418092,svm_rbf,0.769040214,0.693203312,0.599622874,11,"{'kernel': 'rbf', 'C': 1, 'gamma': 0.01}",0.349476467,0.223894737,0.407619048,0.665561265,0.056,0,0.039019231,0.797261766
113,0.788799154,RF,0.797706759,0.750782548,0.598585209,114,"{'n_estimators': 500, 'criterion': 'entropy', 'min_samples_split': 5, 'bootstrap': False, 'max_depth': 8}",0.276964569,0.201368421,0.311694352,0.67539974,0.120888889,0.014691745,0.064326923,0.801073271
115,0.7887921,RF,0.7977024,0.751619591,0.59797916,116,"{'n_estimators': 500, 'criterion': 'entropy', 'min_samples_split': 10, 'bootstrap': False, 'max_depth': 8}",0.27566367,0.197368421,0.311716501,0.675341976,0.122666667,0.016525601,0.063096154,0.800834832
50,0.788767413,RF,0.797469551,0.750750351,0.597914637,51,"{'n_estimators': 200, 'criterion': 'entropy', 'min_samples_split': 2, 'bootstrap': True, 'max_depth': 10}",0.276996298,0.197578947,0.313599114,0.674007324,0.120888889,0.008725183,0.072432692,0.801057406
133,0.790654206,RF,0.801950881,0.761000811,0.59750861,134,"{'n_estimators': 500, 'criterion': 'entropy', 'min_samples_split': 5, 'bootstrap': False, 'max_depth': 10}",0.263384453,0.185157895,0.299424142,0.676338209,0.135111111,0.014231975,0.074855769,0.800752218
17,0.783184624,RF,0.787316313,0.73108322,0.596938683,18,"{'n_estimators': 200, 'criterion': 'entropy', 'min_samples_split': 15, 'bootstrap': False, 'max_depth': 5}",0.30153358,0.211684211,0.342990033,0.672073185,0.100444444,0.020193312,0.042673077,0.799010988
91,0.78243696,RF,0.786041918,0.728915017,0.596581209,92,"{'n_estimators': 500, 'criterion': 'entropy', 'min_samples_split': 2, 'bootstrap': False, 'max_depth': 5}",0.304124802,0.209684211,0.347751938,0.671736122,0.098666667,0.020658307,0.040807692,0.798604266
31,0.787677658,RF,0.796400866,0.749495468,0.596428395,32,"{'n_estimators': 200, 'criterion': 'entropy', 'min_samples_split': 2, 'bootstrap': False, 'max_depth': 8}",0.278244315,0.203368421,0.312646733,0.673182178,0.121777778,0.012857889,0.067403846,0.799988954
16,0.781689296,RF,0.784887879,0.726432861,0.596050523,17,"{'n_estimators': 200, 'criterion': 'entropy', 'min_samples_split': 15, 'bootstrap': True, 'max_depth': 5}",0.307371761,0.221789474,0.346843854,0.669908207,0.096,0.016525601,0.044519231,0.79831412
73,0.791782754,RF,0.805148019,0.768438432,0.59561474,74,"{'n_estimators': 200, 'criterion': 'entropy', 'min_samples_split': 5, 'bootstrap': False, 'max_depth': 20}",0.253696457,0.172947368,0.290919158,0.676538571,0.145777778,0.01514629,0.081038462,0.800262883
39,0.788425322,RF,0.798347553,0.753975625,0.595405633,40,"{'n_estimators': 200, 'criterion': 'entropy', 'min_samples_split': 20, 'bootstrap': False, 'max_depth': 8}",0.272427287,0.195368421,0.308017719,0.674160481,0.128,0.019273772,0.063067308,0.799786356
17,0.780909892,svm_rbf,0.783427033,0.721916925,0.595359347,18,"{'kernel': 'rbf', 'C': 10, 'gamma': 0.001}",0.313886832,0.203473684,0.364939092,0.66642771,0.088888889,0,0.061951923,0.798612139
44,0.789176512,RF,0.800165858,0.758707762,0.595144968,45,"{'n_estimators': 200, 'criterion': 'gini', 'min_samples_split': 10, 'bootstrap': True, 'max_depth': 10}",0.265943945,0.197368421,0.29751938,0.673911935,0.135111111,0.014231975,0.074836538,0.799472472
11,0.783921707,svm_rbf,0.788904703,0.734778662,0.595100091,12,"{'kernel': 'rbf', 'C': 1, 'gamma': 0.1}",0.296985722,0.178947368,0.351539313,0.668984016,0.104888889,0.002293626,0.07,0.799062695
101,0.788425322,RF,0.798561405,0.755270598,0.594842151,102,"{'n_estimators': 500, 'criterion': 'gini', 'min_samples_split': 2, 'bootstrap': False, 'max_depth': 8}",0.27047065,0.197578947,0.304075305,0.673099857,0.130666667,0.013777429,0.072403846,0.799431341
36,0.785787339,RF,0.793593371,0.74469231,0.594663233,37,"{'n_estimators': 200, 'criterion': 'entropy', 'min_samples_split': 15, 'bootstrap': True, 'max_depth': 8}",0.284093072,0.205684211,0.320287929,0.671802999,0.118222222,0.016985371,0.059394231,0.798842353
53,0.78953271,RF,0.801185496,0.760743695,0.594640205,54,"{'n_estimators': 200, 'criterion': 'entropy', 'min_samples_split': 5, 'bootstrap': False, 'max_depth': 10}",0.263395029,0.189263158,0.297541528,0.674141118,0.137777778,0.014691745,0.076105769,0.799413597
32,0.785413507,RF,0.79250685,0.742275806,0.594542294,33,"{'n_estimators': 200, 'criterion': 'entropy', 'min_samples_split': 5, 'bootstrap': True, 'max_depth': 8}",0.287350608,0.213789474,0.321218162,0.669956826,0.114666667,0.011018809,0.064980769,0.798991363
35,0.786912361,RF,0.795797388,0.749291974,0.594289994,36,"{'n_estimators': 200, 'criterion': 'entropy', 'min_samples_split': 10, 'bootstrap': False, 'max_depth': 8}",0.278276044,0.199473684,0.314573643,0.67230089,0.123555556,0.016985371,0.063105769,0.7990842
75,0.791789808,RF,0.805930027,0.77083418,0.594239359,76,"{'n_estimators': 200, 'criterion': 'entropy', 'min_samples_split': 10, 'bootstrap': False, 'max_depth': 20}",0.250417768,0.164842105,0.289944629,0.676573002,0.150222222,0.018829676,0.079182692,0.799680005
11,0.780938106,RF,0.78417531,0.726566461,0.594064245,12,"{'n_estimators': 200, 'criterion': 'entropy', 'min_samples_split': 2, 'bootstrap': False, 'max_depth': 5}",0.306737176,0.211894737,0.350586932,0.669175071,0.098666667,0.019273772,0.042644231,0.797298079
77,0.789906542,RF,0.801872613,0.763124986,0.59392732,78,"{'n_estimators': 200, 'criterion': 'entropy', 'min_samples_split': 15, 'bootstrap': False, 'max_depth': 20}",0.260116341,0.179052632,0.297497231,0.674801098,0.141333333,0.019738767,0.071759615,0.799275163
135,0.78877094,RF,0.799953936,0.758675504,0.593838934,136,"{'n_estimators': 500, 'criterion': 'entropy', 'min_samples_split': 10, 'bootstrap': False, 'max_depth': 10}",0.265943945,0.185157895,0.30316722,0.673828145,0.136,0.017450366,0.071192308,0.799028027
131,0.789151825,RF,0.800656555,0.759792273,0.593828091,132,"{'n_estimators': 500, 'criterion': 'entropy', 'min_samples_split': 2, 'bootstrap': False, 'max_depth': 10}",0.264674775,0.179052632,0.304119601,0.673135954,0.136888889,0.011478579,0.079817308,0.799218168
37,0.786929995,RF,0.796123591,0.75066013,0.59372736,38,"{'n_estimators': 200, 'criterion': 'entropy', 'min_samples_split': 15, 'bootstrap': False, 'max_depth': 8}",0.276287678,0.193157895,0.314551495,0.672604105,0.126222222,0.018819227,0.062471154,0.79874505
105,0.789190619,RF,0.800477276,0.760161421,0.593721651,106,"{'n_estimators': 500, 'criterion': 'gini', 'min_samples_split': 10, 'bootstrap': False, 'max_depth': 8}",0.263966155,0.187157895,0.299401993,0.673842667,0.137777778,0.018364681,0.071163462,0.799128033
13,0.781308411,RF,0.785409695,0.728727835,0.59351015,14,"{'n_estimators': 200, 'criterion': 'entropy', 'min_samples_split': 5, 'bootstrap': False, 'max_depth': 5}",0.304135378,0.211684211,0.346777409,0.669249211,0.101333333,0.020193312,0.043288462,0.797265644
70,0.786542056,RF,0.795410139,0.749548689,0.593420262,71,"{'n_estimators': 200, 'criterion': 'entropy', 'min_samples_split': 2, 'bootstrap': True, 'max_depth': 20}",0.277599154,0.209684211,0.308881506,0.670055112,0.125333333,0.009639498,0.074269231,0.798533756
74,0.787303826,RF,0.797063309,0.751926516,0.593265722,75,"{'n_estimators': 200, 'criterion': 'entropy', 'min_samples_split': 10, 'bootstrap': True, 'max_depth': 20}",0.275007932,0.207578947,0.306090808,0.671299773,0.127111111,0.015151515,0.068076923,0.798940478
79,0.788795627,RF,0.800327282,0.759273838,0.593223622,80,"{'n_estimators': 200, 'criterion': 'entropy', 'min_samples_split': 20, 'bootstrap': False, 'max_depth': 20}",0.26530936,0.183263158,0.303233666,0.673943426,0.136888889,0.021572623,0.066163462,0.798900875
71,0.790647152,RF,0.804334143,0.768200001,0.592599968,72,"{'n_estimators': 200, 'criterion': 'entropy', 'min_samples_split': 2, 'bootstrap': False, 'max_depth': 20}",0.25368588,0.169052632,0.292779623,0.673692877,0.148444444,0.011018809,0.088480769,0.798934838
157,0.789165932,RF,0.801057628,0.762414219,0.592491541,158,"{'n_estimators': 500, 'criterion': 'entropy', 'min_samples_split': 15, 'bootstrap': False, 'max_depth': 20}",0.260750925,0.170842105,0.302259136,0.673840733,0.142222222,0.020193312,0.071759615,0.798513426
124,0.788055017,RF,0.799112124,0.75795454,0.592476282,125,"{'n_estimators': 500, 'criterion': 'gini', 'min_samples_split': 10, 'bootstrap': True, 'max_depth': 10}",0.26657853,0.197263158,0.298493909,0.67163507,0.136888889,0.013312435,0.077326923,0.798266291
97,0.781308411,RF,0.785872152,0.730584023,0.59228924,98,"{'n_estimators': 500, 'criterion': 'entropy', 'min_samples_split': 15, 'bootstrap': False, 'max_depth': 5}",0.30153358,0.207578947,0.344872647,0.669166882,0.104888889,0.022946708,0.042048077,0.796788765
42,0.788044437,RF,0.79906489,0.757209453,0.592175897,43,"{'n_estimators': 200, 'criterion': 'gini', 'min_samples_split': 5, 'bootstrap': True, 'max_depth': 10}",0.267879429,0.201578947,0.298383167,0.670394088,0.135111111,0.009184953,0.081721154,0.79850473
55,0.788795627,RF,0.800648345,0.761069847,0.592170926,56,"{'n_estimators': 200, 'criterion': 'entropy', 'min_samples_split': 10, 'bootstrap': False, 'max_depth': 10}",0.262675833,0.191157895,0.295570321,0.672618586,0.140444444,0.017445141,0.074259615,0.798439861
117,0.786175278,RF,0.795409903,0.749990691,0.592110371,118,"{'n_estimators': 500, 'criterion': 'entropy', 'min_samples_split': 15, 'bootstrap': False, 'max_depth': 8}",0.276943416,0.193368421,0.315526024,0.67113192,0.127111111,0.018359457,0.063701923,0.797972736
54,0.786538529,RF,0.796394404,0.750836744,0.592088698,55,"{'n_estimators': 200, 'criterion': 'entropy', 'min_samples_split': 10, 'bootstrap': True, 'max_depth': 10}",0.276319408,0.209684211,0.307065338,0.670508017,0.127111111,0.016530825,0.066230769,0.798284741
151,0.790276847,RF,0.80390789,0.767608761,0.592040296,152,"{'n_estimators': 500, 'criterion': 'entropy', 'min_samples_split': 2, 'bootstrap': False, 'max_depth': 20}",0.254352195,0.165052632,0.295636766,0.673367318,0.148444444,0.011478579,0.087875,0.79860168
12,0.778310704,RF,0.780138225,0.719260996,0.591909554,13,"{'n_estimators': 200, 'criterion': 'entropy', 'min_samples_split': 5, 'bootstrap': True, 'max_depth': 5}",0.315790587,0.219894737,0.360110742,0.66568007,0.092444444,0.015611285,0.043298077,0.795882484
30,0.783547875,RF,0.790272427,0.739765496,0.591695696,31,"{'n_estimators': 200, 'criterion': 'entropy', 'min_samples_split': 2, 'bootstrap': True, 'max_depth': 8}",0.289899524,0.213894737,0.32496124,0.667591209,0.115555556,0.011938349,0.064384615,0.79727246
155,0.789553871,RF,0.802577167,0.765491961,0.591658266,156,"{'n_estimators': 500, 'criterion': 'entropy', 'min_samples_split': 10, 'bootstrap': False, 'max_depth': 20}",0.256848228,0.172842105,0.29559247,0.67333957,0.146666667,0.017450366,0.078567308,0.798242552
122,0.786552636,RF,0.79653176,0.752874998,0.591521042,123,"{'n_estimators': 500, 'criterion': 'gini', 'min_samples_split': 5, 'bootstrap': True, 'max_depth': 10}",0.273051296,0.207684211,0.303122924,0.669560179,0.131555556,0.011478579,0.076144231,0.797696574
93,0.779813084,RF,0.78350471,0.726361659,0.591173279,94,"{'n_estimators': 500, 'criterion': 'entropy', 'min_samples_split': 5, 'bootstrap': False, 'max_depth': 5}",0.306716023,0.211684211,0.350564784,0.667334424,0.101333333,0.021112853,0.042048077,0.795975322
144,0.788044437,RF,0.799955288,0.760707208,0.591102582,145,"{'n_estimators': 500, 'criterion': 'gini', 'min_samples_split': 10, 'bootstrap': True, 'max_depth': 20}",0.262707562,0.201368421,0.290874862,0.670877406,0.142222222,0.012857889,0.081692308,0.797535108
76,0.785409981,RF,0.794643306,0.748449886,0.591047919,77,"{'n_estimators': 200, 'criterion': 'entropy', 'min_samples_split': 15, 'bootstrap': True, 'max_depth': 20}",0.278931782,0.205684211,0.312713178,0.669528988,0.126222222,0.016520376,0.065586538,0.797422998
154,0.786178804,RF,0.795993222,0.751498614,0.591013421,155,"{'n_estimators': 500, 'criterion': 'entropy', 'min_samples_split': 10, 'bootstrap': True, 'max_depth': 20}",0.274986779,0.205578947,0.306976744,0.669456773,0.129777778,0.0142372,0.071192308,0.797617721
120,0.785046729,RF,0.793861743,0.748086885,0.590957217,121,"{'n_estimators': 500, 'criterion': 'gini', 'min_samples_split': 2, 'bootstrap': True, 'max_depth': 10}",0.278889476,0.209789474,0.310808416,0.668028001,0.127111111,0.008265413,0.077365385,0.796999706
102,0.784281432,RF,0.792387592,0.744281851,0.590833148,103,"{'n_estimators': 500, 'criterion': 'gini', 'min_samples_split': 5, 'bootstrap': True, 'max_depth': 8}",0.284093072,0.211894737,0.317408638,0.667517916,0.121777778,0.010104493,0.071192308,0.797064575
82,0.780927526,RF,0.785968796,0.731433184,0.59072039,83,"{'n_estimators': 500, 'criterion': 'gini', 'min_samples_split': 5, 'bootstrap': True, 'max_depth': 5}",0.300285563,0.215894737,0.339246955,0.666260739,0.107555556,0.013782654,0.056298077,0.796079441
2,0.780923999,RF,0.785928333,0.731430271,0.590693918,3,"{'n_estimators': 200, 'criterion': 'gini', 'min_samples_split': 5, 'bootstrap': True, 'max_depth': 5}",0.300274987,0.218,0.33820598,0.666419292,0.107555556,0.015611285,0.053817308,0.796084729
150,0.785790866,RF,0.795495517,0.751237111,0.590566458,151,"{'n_estimators': 500, 'criterion': 'entropy', 'min_samples_split': 2, 'bootstrap': True, 'max_depth': 20}",0.275007932,0.211789474,0.304075305,0.668250805,0.130666667,0.009644723,0.077990385,0.797162701
111,0.785036149,RF,0.794056637,0.747816599,0.590452746,112,"{'n_estimators': 500, 'criterion': 'entropy', 'min_samples_split': 2, 'bootstrap': False, 'max_depth': 8}",0.279576943,0.201473684,0.315548173,0.668427997,0.126222222,0.012398119,0.071134615,0.797100417
94,0.778310704,RF,0.780768718,0.721574468,0.590451108,95,"{'n_estimators': 500, 'criterion': 'entropy', 'min_samples_split': 10, 'bootstrap': True, 'max_depth': 5}",0.312554204,0.217894737,0.356323367,0.664939187,0.096888889,0.015611285,0.046384615,0.795278453
56,0.785032622,RF,0.794096598,0.747453406,0.590386458,57,"{'n_estimators': 200, 'criterion': 'entropy', 'min_samples_split': 15, 'bootstrap': True, 'max_depth': 10}",0.280232681,0.205684211,0.314640089,0.66882486,0.125333333,0.016520376,0.064971154,0.797216993
45,0.790290954,RF,0.804760983,0.77122834,0.590261453,46,"{'n_estimators': 200, 'criterion': 'gini', 'min_samples_split': 10, 'bootstrap': False, 'max_depth': 10}",0.249116869,0.177157895,0.28234773,0.673043614,0.155555556,0.017439916,0.084778846,0.797663788
153,0.789536237,RF,0.80350681,0.767866277,0.590223838,154,"{'n_estimators': 500, 'criterion': 'entropy', 'min_samples_split': 5, 'bootstrap': False, 'max_depth': 20}",0.253675304,0.174947368,0.289988926,0.672423997,0.151111111,0.015151515,0.084769231,0.797606792
51,0.787282666,RF,0.798895027,0.758313556,0.590079006,52,"{'n_estimators': 200, 'criterion': 'entropy', 'min_samples_split': 2, 'bootstrap': False, 'max_depth': 10}",0.265954521,0.172842105,0.308881506,0.670449237,0.139555556,0.012398119,0.080432692,0.797244962
34,0.785029095,RF,0.794347085,0.747976249,0.589986757,35,"{'n_estimators': 200, 'criterion': 'entropy', 'min_samples_split': 10, 'bootstrap': True, 'max_depth': 8}",0.27958752,0.203684211,0.314684385,0.668613971,0.126222222,0.016071055,0.066230769,0.797095129
95,0.779425145,RF,0.783310011,0.726701777,0.589980713,96,"{'n_estimators': 500, 'criterion': 'entropy', 'min_samples_split': 10, 'bootstrap': False, 'max_depth': 5}",0.306081438,0.205684211,0.352469546,0.666735464,0.103111111,0.021572623,0.042673077,0.795403725
100,0.783939341,RF,0.792208769,0.744606765,0.589940442,101,"{'n_estimators': 500, 'criterion': 'gini', 'min_samples_split': 2, 'bootstrap': True, 'max_depth': 8}",0.283437335,0.203473684,0.320310078,0.667212926,0.123555556,0.009639498,0.073009615,0.796503555
59,0.786168224,RF,0.796634786,0.754168979,0.589565276,60,"{'n_estimators': 200, 'criterion': 'entropy', 'min_samples_split': 20, 'bootstrap': False, 'max_depth': 10}",0.271136965,0.191368421,0.308017719,0.670426136,0.135111111,0.022946708,0.063067308,0.796875962
65,0.791412449,RF,0.807807346,0.779229499,0.589543363,66,"{'n_estimators': 200, 'criterion': 'gini', 'min_samples_split': 10, 'bootstrap': False, 'max_depth': 20}",0.238117398,0.171157895,0.269080842,0.673763864,0.168,0.016525601,0.094730769,0.796941301
60,0.786182331,RF,0.796687798,0.754976787,0.589512835,61,"{'n_estimators': 200, 'criterion': 'gini', 'min_samples_split': 2, 'bootstrap': True, 'max_depth': 20}",0.269804336,0.203578947,0.300354374,0.668140017,0.136888889,0.009184953,0.082942308,0.796653387
90,0.776434491,RF,0.777736754,0.716225426,0.589510181,91,"{'n_estimators': 500, 'criterion': 'entropy', 'min_samples_split': 2, 'bootstrap': True, 'max_depth': 5}",0.31902697,0.224105263,0.362923588,0.663349106,0.092444444,0.015151515,0.043923077,0.794264293
14,0.777175101,RF,0.7789401,0.718391559,0.589508652,15,"{'n_estimators': 200, 'criterion': 'entropy', 'min_samples_split': 10, 'bootstrap': True, 'max_depth': 5}",0.316456901,0.224105263,0.359246955,0.663613021,0.094222222,0.016530825,0.043288462,0.794660438
40,0.785787339,RF,0.796105365,0.753514825,0.589234372,41,"{'n_estimators': 200, 'criterion': 'gini', 'min_samples_split': 2, 'bootstrap': True, 'max_depth': 10}",0.271792702,0.212,0.299490587,0.667316057,0.135111111,0.008270637,0.082961538,0.796548093
6,0.780550168,RF,0.785705767,0.732160094,0.589166752,7,"{'n_estimators': 200, 'criterion': 'gini', 'min_samples_split': 15, 'bootstrap': True, 'max_depth': 5}",0.299005817,0.22,0.335459579,0.665362511,0.110222222,0.016985371,0.053778846,0.79538598
142,0.786185858,RF,0.79724562,0.756008965,0.589104294,143,"{'n_estimators': 500, 'criterion': 'gini', 'min_samples_split': 5, 'bootstrap': True, 'max_depth': 20}",0.268492861,0.203473684,0.298427464,0.668351632,0.138666667,0.011024033,0.081721154,0.796420236
20,0.782814318,RF,0.790263238,0.741427286,0.588855747,21,"{'n_estimators': 200, 'criterion': 'gini', 'min_samples_split': 2, 'bootstrap': True, 'max_depth': 8}",0.287297726,0.207578947,0.324053156,0.665654813,0.120888889,0.009639498,0.071163462,0.795906693
24,0.785025569,svm_rbf,0.794566663,0.747832808,0.588787145,25,"{'kernel': 'rbf', 'C': 100, 'gamma': 0.0001}",0.280243258,0.159052632,0.336456257,0.666504953,0.125333333,0,0.087298077,0.797211705
96,0.778310704,RF,0.781877603,0.724103922,0.58865896,97,"{'n_estimators': 500, 'criterion': 'entropy', 'min_samples_split': 15, 'bootstrap': True, 'max_depth': 5}",0.309328398,0.219894737,0.350653378,0.664089256,0.101333333,0.016530825,0.048230769,0.794669134
57,0.786171751,RF,0.797242841,0.756457407,0.588489938,58,"{'n_estimators': 200, 'criterion': 'entropy', 'min_samples_split': 15, 'bootstrap': False, 'max_depth': 10}",0.267858276,0.189157895,0.304097453,0.669681091,0.139555556,0.020658307,0.069288462,0.796293084
25,0.786929995,RF,0.798842843,0.759182678,0.588338678,26,"{'n_estimators': 200, 'criterion': 'gini', 'min_samples_split': 10, 'bootstrap': False, 'max_depth': 8}",0.26463247,0.191368421,0.298471761,0.669439514,0.142222222,0.017904911,0.074903846,0.796572654
92,0.776060659,RF,0.777302484,0.716092303,0.588303799,93,"{'n_estimators': 500, 'criterion': 'entropy', 'min_samples_split': 5, 'bootstrap': True, 'max_depth': 5}",0.319037546,0.224105263,0.36290144,0.662256159,0.093333333,0.014691745,0.045153846,0.79381456
152,0.784662317,RF,0.794645331,0.750503278,0.588143864,153,"{'n_estimators': 500, 'criterion': 'entropy', 'min_samples_split': 5, 'bootstrap': True, 'max_depth': 20}",0.275684823,0.205789474,0.307906977,0.666731613,0.132444444,0.010099269,0.078615385,0.795935366
110,0.781301358,RF,0.787824331,0.736356084,0.588124504,111,"{'n_estimators': 500, 'criterion': 'entropy', 'min_samples_split': 2, 'bootstrap': True, 'max_depth': 8}",0.293802221,0.218105263,0.328748616,0.664278011,0.115555556,0.010099269,0.066855769,0.795321112
62,0.785812026,RF,0.796693247,0.755434645,0.588027863,63,"{'n_estimators': 200, 'criterion': 'gini', 'min_samples_split': 5, 'bootstrap': True, 'max_depth': 20}",0.269169751,0.205684211,0.298449612,0.667000367,0.138666667,0.009644723,0.083528846,0.796081791
78,0.783544348,RF,0.79253476,0.745604878,0.587997565,79,"{'n_estimators': 200, 'criterion': 'entropy', 'min_samples_split': 20, 'bootstrap': True, 'max_depth': 20}",0.282168165,0.207684211,0.31654485,0.666943212,0.126222222,0.017904911,0.063721154,0.795804806
98,0.777936872,RF,0.781397794,0.723917462,0.587904357,99,"{'n_estimators': 500, 'criterion': 'entropy', 'min_samples_split': 20, 'bootstrap': True, 'max_depth': 5}",0.309317821,0.224,0.348704319,0.663480573,0.102222222,0.017439916,0.047596154,0.794229978
80,0.779061894,RF,0.784002651,0.729424241,0.587503834,81,"{'n_estimators': 500, 'criterion': 'gini', 'min_samples_split': 2, 'bootstrap': True, 'max_depth': 5}",0.302221047,0.220105263,0.340199336,0.663458246,0.109333333,0.013322884,0.058134615,0.79422281
15,0.777185682,RF,0.780368289,0.721882442,0.587271385,16,"{'n_estimators': 200, 'criterion': 'entropy', 'min_samples_split': 10, 'bootstrap': False, 'max_depth': 5}",0.311898466,0.213684211,0.357231451,0.663637991,0.100444444,0.020198537,0.042673077,0.793828545
137,0.785424087,RF,0.796595195,0.755792878,0.587030517,138,"{'n_estimators': 500, 'criterion': 'entropy', 'min_samples_split': 15, 'bootstrap': False, 'max_depth': 10}",0.268514014,0.189157895,0.305094131,0.668415987,0.140444444,0.019733542,0.071125,0.795520771
138,0.783537295,RF,0.792996243,0.747038096,0.587000417,139,"{'n_estimators': 500, 'criterion': 'entropy', 'min_samples_split': 20, 'bootstrap': True, 'max_depth': 10}",0.280232681,0.207684211,0.313687708,0.666565593,0.128888889,0.018364681,0.064951923,0.795439215
116,0.78242638,RF,0.790802643,0.742900249,0.58680487,117,"{'n_estimators': 500, 'criterion': 'entropy', 'min_samples_split': 15, 'bootstrap': True, 'max_depth': 8}",0.285383395,0.207684211,0.32124031,0.665638148,0.124444444,0.016985371,0.063730769,0.79508608
118,0.783181097,RF,0.792374867,0.745999261,0.586635402,119,"{'n_estimators': 500, 'criterion': 'entropy', 'min_samples_split': 20, 'bootstrap': True, 'max_depth': 8}",0.281501851,0.205578947,0.31654485,0.666079156,0.128,0.017904911,0.064942308,0.795249075
134,0.783921707,RF,0.793881294,0.749076242,0.586556273,135,"{'n_estimators': 500, 'criterion': 'entropy', 'min_samples_split': 10, 'bootstrap': True, 'max_depth': 10}",0.27760973,0.205578947,0.310830565,0.66596883,0.131555556,0.0142372,0.072423077,0.795417357
38,0.78242638,RF,0.791030538,0.74304082,0.586365345,39,"{'n_estimators': 200, 'criterion': 'entropy', 'min_samples_split': 20, 'bootstrap': True, 'max_depth': 8}",0.285383395,0.203578947,0.323145072,0.665625479,0.124444444,0.018819227,0.061259615,0.79508608
19,0.778677482,RF,0.783774912,0.729054074,0.586078305,20,"{'n_estimators': 200, 'criterion': 'entropy', 'min_samples_split': 20, 'bootstrap': False, 'max_depth': 5}",0.302834479,0.211684211,0.344939092,0.664089978,0.109333333,0.022946708,0.045153846,0.793916094
112,0.780931053,RF,0.788278017,0.738220497,0.586048194,113,"{'n_estimators': 500, 'criterion': 'entropy', 'min_samples_split': 5, 'bootstrap': True, 'max_depth': 8}",0.291189847,0.215894737,0.325957918,0.663374194,0.12,0.011938349,0.067461538,0.794405077
22,0.782786105,RF,0.791777425,0.74574723,0.586043702,23,"{'n_estimators': 200, 'criterion': 'gini', 'min_samples_split': 5, 'bootstrap': True, 'max_depth': 8}",0.281491274,0.207894737,0.315481728,0.664395104,0.128888889,0.011024033,0.074875,0.794809918
132,0.782429907,RF,0.791266796,0.744706364,0.585975299,133,"{'n_estimators': 500, 'criterion': 'entropy', 'min_samples_split': 5, 'bootstrap': True, 'max_depth': 10}",0.282781597,0.207789474,0.317408638,0.664414022,0.128,0.011478579,0.073663462,0.794609201
136,0.782807265,RF,0.792028976,0.745865044,0.585797169,137,"{'n_estimators': 500, 'criterion': 'entropy', 'min_samples_split': 15, 'bootstrap': True, 'max_depth': 10}",0.281501851,0.207684211,0.315548173,0.665172042,0.128888889,0.016065831,0.068067308,0.79480463
3,0.758063834,svm_rbf,0.744115088,0.656687037,0.585787411,4,"{'kernel': 'rbf', 'C': 0.1, 'gamma': 0.1}",0.39091486,0.308105263,0.429435216,0.647279808,0.037333333,0,0.026,0.785875903
104,0.783184624,RF,0.792879324,0.748205975,0.585705349,105,"{'n_estimators': 500, 'criterion': 'gini', 'min_samples_split': 10, 'bootstrap': True, 'max_depth': 8}",0.278254892,0.203684211,0.312646733,0.665021531,0.132444444,0.012403344,0.075480769,0.794650332
107,0.78581908,RF,0.798267945,0.759748206,0.585613719,108,"{'n_estimators': 500, 'criterion': 'gini', 'min_samples_split': 15, 'bootstrap': False, 'max_depth': 8}",0.263331571,0.185263158,0.299401993,0.668274211,0.146666667,0.019738767,0.075461538,0.795000881
119,0.783181097,RF,0.792871446,0.74824906,0.585469212,120,"{'n_estimators': 500, 'criterion': 'entropy', 'min_samples_split': 20, 'bootstrap': False, 'max_depth': 8}",0.278233739,0.197473684,0.315548173,0.666078418,0.132444444,0.020193312,0.064923077,0.794660908
18,0.776818903,RF,0.780487381,0.723203189,0.585325026,19,"{'n_estimators': 200, 'criterion': 'entropy', 'min_samples_split': 20, 'bootstrap': True, 'max_depth': 5}",0.309952406,0.221789474,0.350609081,0.661714401,0.104,0.018364681,0.047605769,0.793023797
99,0.777933345,RF,0.782642731,0.727380992,0.585276471,100,"{'n_estimators': 500, 'criterion': 'entropy', 'min_samples_split': 20, 'bootstrap': False, 'max_depth': 5}",0.304769963,0.211684211,0.347774086,0.663609566,0.108444444,0.024785789,0.042067308,0.793392796
158,0.782789631,RF,0.792593162,0.747294479,0.585033676,159,"{'n_estimators': 500, 'criterion': 'entropy', 'min_samples_split': 20, 'bootstrap': True, 'max_depth': 20}",0.27958752,0.207684211,0.312735327,0.665198271,0.131555556,0.018364681,0.066807692,0.794428462
84,0.778307177,RF,0.783645416,0.730552196,0.584743805,85,"{'n_estimators': 500, 'criterion': 'gini', 'min_samples_split': 10, 'bootstrap': True, 'max_depth': 5}",0.300285563,0.218,0.338316722,0.662393018,0.113777778,0.018819227,0.053798077,0.79296833
72,0.782419326,RF,0.791755851,0.746173448,0.58469501,73,"{'n_estimators': 200, 'criterion': 'entropy', 'min_samples_split': 5, 'bootstrap': True, 'max_depth': 20}",0.28085669,0.201368421,0.317475083,0.66374463,0.130666667,0.011018809,0.076125,0.794238322
130,0.782056075,RF,0.791115982,0.745478256,0.584595028,131,"{'n_estimators': 500, 'criterion': 'entropy', 'min_samples_split': 2, 'bootstrap': True, 'max_depth': 10}",0.281470122,0.201684211,0.318294574,0.663460841,0.130666667,0.010099269,0.077355769,0.793931606
156,0.782433433,RF,0.791888457,0.74663677,0.58445772,157,"{'n_estimators': 500, 'criterion': 'entropy', 'min_samples_split': 15, 'bootstrap': True, 'max_depth': 20}",0.280200952,0.205684211,0.314573643,0.66421131,0.131555556,0.015606061,0.070548077,0.794121746
43,0.786185858,RF,0.79968039,0.763963162,0.584365774,44,"{'n_estimators': 200, 'criterion': 'gini', 'min_samples_split': 5, 'bootstrap': False, 'max_depth': 10}",0.257503966,0.183263158,0.291827243,0.666741859,0.153777778,0.012398119,0.090365385,0.794359128
103,0.783554929,RF,0.794264179,0.752057364,0.584348672,104,"{'n_estimators': 500, 'criterion': 'gini', 'min_samples_split': 5, 'bootstrap': False, 'max_depth': 8}",0.273051296,0.197789474,0.307884828,0.665209042,0.138666667,0.016530825,0.074288462,0.794141019
159,0.783547875,RF,0.794472443,0.752164258,0.584152857,160,"{'n_estimators': 500, 'criterion': 'entropy', 'min_samples_split': 20, 'bootstrap': False, 'max_depth': 20}",0.273051296,0.195368421,0.308925803,0.666149245,0.138666667,0.023411703,0.064932692,0.794141019
0,0.77681185,RF,0.780997682,0.725068048,0.583977911,1,"{'n_estimators': 200, 'criterion': 'gini', 'min_samples_split': 2, 'bootstrap': True, 'max_depth': 5}",0.307382337,0.224105263,0.345869324,0.660091701,0.107555556,0.0142372,0.055682692,0.792531054
10,0.77418092,RF,0.776114076,0.715675974,0.583774982,11,"{'n_estimators': 200, 'criterion': 'entropy', 'min_samples_split': 2, 'bootstrap': True, 'max_depth': 5}",0.319037546,0.219894737,0.364872647,0.659233274,0.097777778,0.016071055,0.046384615,0.791592338
145,0.788414742,RF,0.805034959,0.776551015,0.583700721,146,"{'n_estimators': 500, 'criterion': 'gini', 'min_samples_split': 10, 'bootstrap': False, 'max_depth': 20}",0.240676891,0.166947368,0.274772979,0.669537404,0.171555556,0.016980146,0.096586538,0.793883777
139,0.78316699,RF,0.79375324,0.751450284,0.583680275,140,"{'n_estimators': 500, 'criterion': 'entropy', 'min_samples_split': 20, 'bootstrap': False, 'max_depth': 10}",0.27371761,0.191473684,0.311760797,0.665694639,0.138666667,0.022951933,0.065557692,0.793807862
140,0.783551402,RF,0.794462917,0.75334772,0.583663059,141,"{'n_estimators': 500, 'criterion': 'gini', 'min_samples_split': 2, 'bootstrap': True, 'max_depth': 20}",0.271115812,0.203684211,0.302259136,0.663466729,0.141333333,0.007345873,0.088519231,0.793775427
24,0.782041968,RF,0.791549851,0.746510384,0.583390645,25,"{'n_estimators': 200, 'criterion': 'gini', 'min_samples_split': 10, 'bootstrap': True, 'max_depth': 8}",0.280232681,0.209894737,0.312646733,0.662763113,0.132444444,0.012852665,0.074884615,0.793661437
143,0.786908834,RF,0.802121608,0.769782215,0.583107784,144,"{'n_estimators': 500, 'criterion': 'gini', 'min_samples_split': 5, 'bootstrap': False, 'max_depth': 20}",0.249751454,0.168947368,0.287043189,0.667404731,0.162666667,0.012857889,0.095961538,0.79379094
4,0.77681185,RF,0.781472001,0.726885337,0.582868971,5,"{'n_estimators': 200, 'criterion': 'gini', 'min_samples_split': 10, 'bootstrap': True, 'max_depth': 5}",0.304812269,0.22,0.343986711,0.66014874,0.111111111,0.017445141,0.053788462,0.79203831
23,0.783184624,RF,0.794288547,0.752908281,0.582857058,24,"{'n_estimators': 200, 'criterion': 'gini', 'min_samples_split': 5, 'bootstrap': False, 'max_depth': 8}",0.271750397,0.203789474,0.303211517,0.66387685,0.141333333,0.015151515,0.077971154,0.793458135
64,0.783544348,RF,0.79524664,0.754862482,0.582796901,65,"{'n_estimators': 200, 'criterion': 'gini', 'min_samples_split': 10, 'bootstrap': True, 'max_depth': 20}",0.269212057,0.201578947,0.300354374,0.664276204,0.144,0.014691745,0.080423077,0.793393971
9,0.775676248,svm_rbf,0.779603956,0.720616695,0.582650738,10,"{'kernel': 'rbf', 'C': 1, 'gamma': 0.001}",0.313823374,0.191578947,0.370609081,0.657155716,0.101333333,0,0.070596154,0.792421646
21,0.782807265,RF,0.793619563,0.751073372,0.582449972,22,"{'n_estimators': 200, 'criterion': 'gini', 'min_samples_split': 2, 'bootstrap': False, 'max_depth': 8}",0.274362771,0.205789474,0.30606866,0.66314524,0.138666667,0.01469697,0.07675,0.793485281
41,0.785046729,RF,0.798386278,0.761875187,0.58231707,42,"{'n_estimators': 200, 'criterion': 'gini', 'min_samples_split': 2, 'bootstrap': False, 'max_depth': 10}",0.260116341,0.185368421,0.294684385,0.664983076,0.152888889,0.012398119,0.089759615,0.793497385
114,0.780179862,RF,0.788670182,0.740882337,0.582253705,115,"{'n_estimators': 500, 'criterion': 'entropy', 'min_samples_split': 10, 'bootstrap': True, 'max_depth': 8}",0.287329455,0.209789474,0.323145072,0.661770418,0.127111111,0.016065831,0.066836538,0.792779717
26,0.78953271,svm_rbf,0.808090978,0.782783682,0.582114672,27,"{'kernel': 'rbf', 'C': 100, 'gamma': 0.01}",0.232913802,0.119894737,0.285204873,0.669148477,0.179555556,0.008244514,0.114,0.793765321
2,0.763315112,svm_rbf,0.756082594,0.678352809,0.581669582,3,"{'kernel': 'rbf', 'C': 0.1, 'gamma': 0.01}",0.365013221,0.251052632,0.418006645,0.648874554,0.060444444,0,0.042067308,0.787271168
86,0.777185682,RF,0.782968152,0.730361961,0.581634381,87,"{'n_estimators': 500, 'criterion': 'gini', 'min_samples_split': 15, 'bootstrap': True, 'max_depth': 5}",0.300285563,0.216,0.339224806,0.659918352,0.116444444,0.017899687,0.056875,0.791634996
1,0.77831423,RF,0.785254275,0.73461365,0.581537928,2,"{'n_estimators': 200, 'criterion': 'gini', 'min_samples_split': 2, 'bootstrap': False, 'max_depth': 5}",0.295071391,0.209684211,0.334440753,0.661780941,0.120888889,0.025245559,0.050125,0.79201986
123,0.78466937,RF,0.798265586,0.762595057,0.581526665,124,"{'n_estimators': 500, 'criterion': 'gini', 'min_samples_split': 5, 'bootstrap': False, 'max_depth': 10}",0.258794289,0.193368421,0.288947951,0.66428768,0.155555556,0.012398119,0.091634615,0.792825078
67,0.786545583,RF,0.80247949,0.771928441,0.581263633,68,"{'n_estimators': 200, 'criterion': 'gini', 'min_samples_split': 15, 'bootstrap': False, 'max_depth': 20}",0.246525648,0.172947368,0.280465116,0.667189022,0.168,0.020198537,0.089759615,0.792737176
26,0.782045495,RF,0.793320471,0.751235594,0.581245395,27,"{'n_estimators': 200, 'criterion': 'gini', 'min_samples_split': 15, 'bootstrap': True, 'max_depth': 8}",0.273759915,0.203578947,0.30606866,0.663034924,0.141333333,0.016985371,0.075413462,0.792453376
125,0.785057309,RF,0.798991052,0.764530839,0.581229653,126,"{'n_estimators': 500, 'criterion': 'gini', 'min_samples_split': 10, 'bootstrap': False, 'max_depth': 10}",0.256203067,0.189473684,0.287109635,0.665118666,0.158222222,0.017439916,0.086644231,0.792787355
52,0.780913419,RF,0.790792625,0.745873919,0.580695284,53,"{'n_estimators': 200, 'criterion': 'entropy', 'min_samples_split': 5, 'bootstrap': True, 'max_depth': 10}",0.280867266,0.205578947,0.315548173,0.660775746,0.134222222,0.011938349,0.077365385,0.792455256
25,0.779051314,svm_rbf,0.787013624,0.737115742,0.58056759,26,"{'kernel': 'rbf', 'C': 100, 'gamma': 0.001}",0.292511898,0.156736842,0.355348837,0.659329993,0.122666667,0.002288401,0.082365385,0.792410717
106,0.781678716,RF,0.792886459,0.751094757,0.580326085,107,"{'n_estimators': 500, 'criterion': 'gini', 'min_samples_split': 15, 'bootstrap': True, 'max_depth': 8}",0.273738763,0.199473684,0.307951274,0.662392097,0.142222222,0.017445141,0.075461538,0.792019508
58,0.779058367,RF,0.788108816,0.741134425,0.579063543,59,"{'n_estimators': 200, 'criterion': 'entropy', 'min_samples_split': 20, 'bootstrap': True, 'max_depth': 10}",0.286673718,0.207578947,0.323145072,0.659781855,0.130666667,0.018364681,0.066192308,0.791329808
47,0.783925234,RF,0.798450436,0.763965477,0.578324755,48,"{'n_estimators': 200, 'criterion': 'gini', 'min_samples_split': 15, 'bootstrap': False, 'max_depth': 10}",0.256879958,0.191263158,0.287109635,0.66317246,0.16,0.018814002,0.086028846,0.791560021
27,0.782433433,RF,0.79541077,0.757468399,0.578262643,28,"{'n_estimators': 200, 'criterion': 'gini', 'min_samples_split': 15, 'bootstrap': False, 'max_depth': 8}",0.265298784,0.187368421,0.301262458,0.662693436,0.152,0.020653083,0.077951923,0.791350608
109,0.783191677,RF,0.797268592,0.761830994,0.577946853,110,"{'n_estimators': 500, 'criterion': 'gini', 'min_samples_split': 20, 'bootstrap': False, 'max_depth': 8}",0.259481756,0.185368421,0.293709856,0.663465086,0.158222222,0.023401254,0.078538462,0.791148011
127,0.783181097,RF,0.797428711,0.762753375,0.577160594,128,"{'n_estimators': 500, 'criterion': 'gini', 'min_samples_split': 15, 'bootstrap': False, 'max_depth': 10}",0.258180857,0.187263158,0.290919158,0.662290741,0.16,0.019273772,0.085384615,0.790909572
147,0.78392876,RF,0.799599791,0.768014969,0.576699511,148,"{'n_estimators': 500, 'criterion': 'gini', 'min_samples_split': 15, 'bootstrap': False, 'max_depth': 20}",0.251052353,0.179157895,0.28427464,0.663168366,0.168,0.019738767,0.090346154,0.790473823
121,0.78242638,RF,0.796422586,0.76110011,0.576596408,122,"{'n_estimators': 500, 'criterion': 'gini', 'min_samples_split': 2, 'bootstrap': False, 'max_depth': 10}",0.260105764,0.181263158,0.296566999,0.66091052,0.159111111,0.011938349,0.094692308,0.790391562
83,0.775693881,RF,0.782769911,0.732424203,0.576457262,84,"{'n_estimators': 500, 'criterion': 'gini', 'min_samples_split': 5, 'bootstrap': False, 'max_depth': 5}",0.297017451,0.209684211,0.337320044,0.657406303,0.124444444,0.022497388,0.056288462,0.789269052
81,0.776067713,RF,0.783852815,0.734858836,0.576187912,82,"{'n_estimators': 500, 'criterion': 'gini', 'min_samples_split': 2, 'bootstrap': False, 'max_depth': 5}",0.293791645,0.207684211,0.333488372,0.657888285,0.128,0.022951933,0.058144231,0.789104178
8,0.774942691,RF,0.781225538,0.729769487,0.576004805,9,"{'n_estimators': 200, 'criterion': 'gini', 'min_samples_split': 20, 'bootstrap': True, 'max_depth': 5}",0.300274987,0.218,0.338294574,0.655733035,0.121777778,0.019278997,0.058721154,0.788973618
16,0.774914477,svm_rbf,0.781552256,0.727686002,0.575667598,17,"{'kernel': 'rbf', 'C': 10, 'gamma': 0.0001}",0.304135378,0.187473684,0.358294574,0.65305366,0.116444444,0,0.081134615,0.789710089
46,0.779795451,RF,0.791659914,0.751441548,0.57555277,47,"{'n_estimators': 200, 'criterion': 'gini', 'min_samples_split': 15, 'bootstrap': True, 'max_depth': 10}",0.27244844,0.199578947,0.30606866,0.65865446,0.148444444,0.016071055,0.081673077,0.789553558
88,0.775305943,RF,0.782468715,0.73228142,0.575535439,89,"{'n_estimators': 500, 'criterion': 'gini', 'min_samples_split': 20, 'bootstrap': True, 'max_depth': 5}",0.297059757,0.216,0.334507198,0.656181082,0.125333333,0.021112853,0.058721154,0.788803455
9,0.776441545,RF,0.784827435,0.736950887,0.575439075,10,"{'n_estimators': 200, 'criterion': 'gini', 'min_samples_split': 20, 'bootstrap': False, 'max_depth': 5}",0.291200423,0.207684211,0.329678848,0.657877845,0.130666667,0.026165099,0.055653846,0.789066455
126,0.780560748,RF,0.79355325,0.755483705,0.575116153,127,"{'n_estimators': 500, 'criterion': 'gini', 'min_samples_split': 15, 'bootstrap': True, 'max_depth': 10}",0.267244844,0.195368421,0.300420819,0.659214349,0.153777778,0.016985371,0.084134615,0.789488689
66,0.780539587,RF,0.793320951,0.754993627,0.574977356,67,"{'n_estimators': 200, 'criterion': 'gini', 'min_samples_split': 15, 'bootstrap': True, 'max_depth': 20}",0.267942887,0.203684211,0.297585825,0.658622901,0.152888889,0.016525601,0.084163462,0.789584112
68,0.780550168,RF,0.793646232,0.75553851,0.574728915,69,"{'n_estimators': 200, 'criterion': 'gini', 'min_samples_split': 20, 'bootstrap': True, 'max_depth': 20}",0.267276573,0.201473684,0.297607973,0.658974344,0.153777778,0.018824451,0.081673077,0.789472824
49,0.782429907,RF,0.79757977,0.764083503,0.574324314,50,"{'n_estimators': 200, 'criterion': 'gini', 'min_samples_split': 20, 'bootstrap': False, 'max_depth': 10}",0.256245373,0.185263158,0.2889701,0.6609577,0.164444444,0.022476489,0.084134615,0.789655091
87,0.775697408,RF,0.78389621,0.736164985,0.574254552,88,"{'n_estimators': 500, 'criterion': 'gini', 'min_samples_split': 15, 'bootstrap': False, 'max_depth': 5}",0.291824432,0.205578947,0.33158361,0.656955962,0.131555556,0.025700104,0.056865385,0.788310006
63,0.782793158,RF,0.798614127,0.76686405,0.574252303,64,"{'n_estimators': 200, 'criterion': 'gini', 'min_samples_split': 5, 'bootstrap': False, 'max_depth': 20}",0.252353252,0.175052632,0.28799557,0.66054826,0.168888889,0.013317659,0.099673077,0.789378929
85,0.775316523,RF,0.783152891,0.734643732,0.574117856,86,"{'n_estimators': 500, 'criterion': 'gini', 'min_samples_split': 10, 'bootstrap': False, 'max_depth': 5}",0.293781068,0.209789474,0.332513843,0.656072864,0.129777778,0.023861024,0.058134615,0.788220577
48,0.779802504,RF,0.792393196,0.753031144,0.574105654,49,"{'n_estimators': 200, 'criterion': 'gini', 'min_samples_split': 20, 'bootstrap': True, 'max_depth': 10}",0.270523533,0.203684211,0.301395349,0.658051103,0.151111111,0.018364681,0.080384615,0.789182678
5,0.774572386,RF,0.781908995,0.732098757,0.573960021,6,"{'n_estimators': 200, 'criterion': 'gini', 'min_samples_split': 10, 'bootstrap': False, 'max_depth': 5}",0.297006875,0.211789474,0.336323367,0.655821976,0.127111111,0.025245559,0.054442308,0.787941007
7,0.775320049,RF,0.784002093,0.73662411,0.573042268,8,"{'n_estimators': 200, 'criterion': 'gini', 'min_samples_split': 15, 'bootstrap': False, 'max_depth': 5}",0.291189847,0.211789474,0.327796235,0.656025198,0.133333333,0.026619645,0.056894231,0.78773841
146,0.779816611,RF,0.793101611,0.755752939,0.572974251,147,"{'n_estimators': 500, 'criterion': 'gini', 'min_samples_split': 15, 'bootstrap': True, 'max_depth': 20}",0.266589106,0.195368421,0.299401993,0.657623004,0.156444444,0.016985371,0.085990385,0.788483225
108,0.77756304,RF,0.7886868,0.745864637,0.572689829,109,"{'n_estimators': 500, 'criterion': 'gini', 'min_samples_split': 20, 'bootstrap': True, 'max_depth': 8}",0.279576943,0.205684211,0.313732004,0.655752927,0.144,0.016990596,0.077307692,0.788211528
129,0.781682243,RF,0.797201341,0.764313899,0.572634446,130,"{'n_estimators': 500, 'criterion': 'gini', 'min_samples_split': 20, 'bootstrap': False, 'max_depth': 10}",0.255600212,0.181263158,0.289966777,0.659925109,0.167111111,0.022021944,0.086615385,0.788644339
29,0.780564274,RF,0.794963762,0.760140345,0.572420213,30,"{'n_estimators': 200, 'criterion': 'gini', 'min_samples_split': 20, 'bootstrap': False, 'max_depth': 8}",0.260782655,0.187368421,0.29461794,0.658877576,0.162666667,0.022027168,0.083490385,0.788275339
89,0.773817669,RF,0.781578995,0.732784483,0.571739781,90,"{'n_estimators': 500, 'criterion': 'gini', 'min_samples_split': 20, 'bootstrap': False, 'max_depth': 5}",0.295727129,0.207578947,0.336345515,0.654704655,0.130666667,0.026165099,0.055653846,0.786803102
1,0.775662141,svm_linear,0.785287566,0.74149608,0.571675365,2,"{'kernel': 'linear', 'C': 1}",0.284145955,0.154736842,0.344075305,0.653514726,0.142222222,0,0.099019231,0.786815912
128,0.778681009,RF,0.791535254,0.75272564,0.571390102,129,"{'n_estimators': 500, 'criterion': 'gini', 'min_samples_split': 20, 'bootstrap': True, 'max_depth': 10}",0.270523533,0.201578947,0.302369878,0.655875241,0.153777778,0.017445141,0.083528846,0.787849345
3,0.772706754,RF,0.779439278,0.729103901,0.570959263,4,"{'n_estimators': 200, 'criterion': 'gini', 'min_samples_split': 5, 'bootstrap': False, 'max_depth': 5}",0.300243258,0.209684211,0.342037652,0.653567797,0.127111111,0.027089864,0.051971154,0.786322816
69,0.781689296,RF,0.798805278,0.769418459,0.570070842,70,"{'n_estimators': 200, 'criterion': 'gini', 'min_samples_split': 20, 'bootstrap': False, 'max_depth': 20}",0.248461132,0.183263158,0.278560354,0.6589581,0.176888889,0.022931034,0.092163462,0.78732499
148,0.777922765,RF,0.790835346,0.752039045,0.570009429,149,"{'n_estimators': 500, 'criterion': 'gini', 'min_samples_split': 20, 'bootstrap': True, 'max_depth': 20}",0.271168694,0.201578947,0.303300111,0.655022759,0.154666667,0.018829676,0.082298077,0.78708232
149,0.780934579,RF,0.797368656,0.766418099,0.569788088,150,"{'n_estimators': 500, 'criterion': 'gini', 'min_samples_split': 20, 'bootstrap': False, 'max_depth': 20}",0.252353252,0.181263158,0.285204873,0.658240048,0.173333333,0.022481714,0.090317308,0.787156707
0,0.773052372,svm_linear,0.781257927,0.732697784,0.56969809,1,"{'kernel': 'linear', 'C': 0.1}",0.295737705,0.175052632,0.351605759,0.650108953,0.132444444,0,0.092211538,0.785908925
61,0.780536061,RF,0.796281906,0.764387453,0.569608349,62,"{'n_estimators': 200, 'criterion': 'gini', 'min_samples_split': 2, 'bootstrap': False, 'max_depth': 20}",0.254976203,0.175368421,0.291805094,0.656442876,0.170666667,0.011938349,0.102778846,0.787178565
18,0.775320049,svm_rbf,0.785088184,0.73977626,0.569436863,19,"{'kernel': 'rbf', 'C': 10, 'gamma': 0.01}",0.28728715,0.168947368,0.342015504,0.651227472,0.138666667,0.003667712,0.091644231,0.787023092
141,0.780165756,RF,0.796169087,0.764345101,0.568648344,142,"{'n_estimators': 500, 'criterion': 'gini', 'min_samples_split': 2, 'bootstrap': False, 'max_depth': 20}",0.254986779,0.179473684,0.289966777,0.655737636,0.171555556,0.011938349,0.103394231,0.786728832
28,0.774942691,RF,0.785854574,0.743167975,0.567671626,29,"{'n_estimators': 200, 'criterion': 'gini', 'min_samples_split': 20, 'bootstrap': True, 'max_depth': 8}",0.282147012,0.211684211,0.314662237,0.651500135,0.146666667,0.017894462,0.077932692,0.785593161
76,0.7712079,KNN,0.779904657,0.731666609,0.563892097,77,"{'n_neighbors': 10, 'weights': 'distance', 'Algorithm': 'auto'}",0.296964569,0.207684211,0.338294574,0.645210935,0.135111111,0.005501567,0.086673077,0.78396216
79,0.7712079,KNN,0.779904657,0.731666609,0.563892097,80,"{'n_neighbors': 10, 'weights': 'distance', 'Algorithm': 'brute'}",0.296964569,0.207684211,0.338294574,0.645210935,0.135111111,0.005501567,0.086673077,0.78396216
78,0.7712079,KNN,0.779904657,0.731666609,0.563892097,79,"{'n_neighbors': 10, 'weights': 'distance', 'Algorithm': 'kd_tree'}",0.296964569,0.207684211,0.338294574,0.645210935,0.135111111,0.005501567,0.086673077,0.78396216
77,0.7712079,KNN,0.779904657,0.731666609,0.563892097,78,"{'n_neighbors': 10, 'weights': 'distance', 'Algorithm': 'ball_tree'}",0.296964569,0.207684211,0.338294574,0.645210935,0.135111111,0.005501567,0.086673077,0.78396216
68,0.770075824,KNN,0.779248919,0.731869086,0.560827076,69,"{'n_neighbors': 9, 'weights': 'distance', 'Algorithm': 'auto'}",0.296308831,0.209578947,0.336345515,0.643053831,0.138666667,0.006886102,0.087336538,0.782512251
69,0.770075824,KNN,0.779248919,0.731869086,0.560827076,70,"{'n_neighbors': 9, 'weights': 'distance', 'Algorithm': 'ball_tree'}",0.296308831,0.209578947,0.336345515,0.643053831,0.138666667,0.006886102,0.087336538,0.782512251
70,0.770075824,KNN,0.779248919,0.731869086,0.560827076,71,"{'n_neighbors': 9, 'weights': 'distance', 'Algorithm': 'kd_tree'}",0.296308831,0.209578947,0.336345515,0.643053831,0.138666667,0.006886102,0.087336538,0.782512251
71,0.770075824,KNN,0.779248919,0.731869086,0.560827076,72,"{'n_neighbors': 9, 'weights': 'distance', 'Algorithm': 'brute'}",0.296308831,0.209578947,0.336345515,0.643053831,0.138666667,0.006886102,0.087336538,0.782512251
2,0.77267854,svm_linear,0.786156335,0.751469722,0.560624318,3,"{'kernel': 'linear', 'C': 10}",0.268556319,0.128,0.333599114,0.648612511,0.170666667,0.003207941,0.114538462,0.780388507
44,0.774551226,KNN,0.789102464,0.752895735,0.55959647,45,"{'n_neighbors': 6, 'weights': 'distance', 'Algorithm': 'auto'}",0.269212057,0.172947368,0.313621262,0.647393733,0.165333333,0.013301985,0.097211538,0.782727305
45,0.774551226,KNN,0.789102464,0.752895735,0.55959647,46,"{'n_neighbors': 6, 'weights': 'distance', 'Algorithm': 'ball_tree'}",0.269212057,0.172947368,0.313621262,0.647393733,0.165333333,0.013301985,0.097211538,0.782727305
46,0.774551226,KNN,0.789102464,0.752895735,0.55959647,47,"{'n_neighbors': 6, 'weights': 'distance', 'Algorithm': 'kd_tree'}",0.269212057,0.172947368,0.313621262,0.647393733,0.165333333,0.013301985,0.097211538,0.782727305
47,0.774551226,KNN,0.789102464,0.752895735,0.55959647,48,"{'n_neighbors': 6, 'weights': 'distance', 'Algorithm': 'brute'}",0.269212057,0.172947368,0.313621262,0.647393733,0.165333333,0.013301985,0.097211538,0.782727305
55,0.772301181,KNN,0.784544823,0.742988175,0.559324277,56,"{'n_neighbors': 7, 'weights': 'distance', 'Algorithm': 'brute'}",0.282147012,0.201578947,0.319379845,0.644637646,0.152888889,0.011922675,0.090423077,0.782482049
54,0.772301181,KNN,0.784544823,0.742988175,0.559324277,55,"{'n_neighbors': 7, 'weights': 'distance', 'Algorithm': 'kd_tree'}",0.282147012,0.201578947,0.319379845,0.644637646,0.152888889,0.011922675,0.090423077,0.782482049
52,0.772301181,KNN,0.784544823,0.742988175,0.559324277,53,"{'n_neighbors': 7, 'weights': 'distance', 'Algorithm': 'auto'}",0.282147012,0.201578947,0.319379845,0.644637646,0.152888889,0.011922675,0.090423077,0.782482049
53,0.772301181,KNN,0.784544823,0.742988175,0.559324277,54,"{'n_neighbors': 7, 'weights': 'distance', 'Algorithm': 'ball_tree'}",0.282147012,0.201578947,0.319379845,0.644637646,0.152888889,0.011922675,0.090423077,0.782482049
60,0.770805854,KNN,0.781835086,0.738230298,0.558657359,61,"{'n_neighbors': 8, 'weights': 'distance', 'Algorithm': 'auto'}",0.287932311,0.213789474,0.322148394,0.642743557,0.148444444,0.010094044,0.089817308,0.781811622
61,0.770805854,KNN,0.781835086,0.738230298,0.558657359,62,"{'n_neighbors': 8, 'weights': 'distance', 'Algorithm': 'ball_tree'}",0.287932311,0.213789474,0.322148394,0.642743557,0.148444444,0.010094044,0.089817308,0.781811622
62,0.770805854,KNN,0.781835086,0.738230298,0.558657359,63,"{'n_neighbors': 8, 'weights': 'distance', 'Algorithm': 'kd_tree'}",0.287932311,0.213789474,0.322148394,0.642743557,0.148444444,0.010094044,0.089817308,0.781811622
63,0.770805854,KNN,0.781835086,0.738230298,0.558657359,64,"{'n_neighbors': 8, 'weights': 'distance', 'Algorithm': 'brute'}",0.287932311,0.213789474,0.322148394,0.642743557,0.148444444,0.010094044,0.089817308,0.781811622
73,0.771193793,KNN,0.782979211,0.741099435,0.558363139,74,"{'n_neighbors': 10, 'weights': 'uniform', 'Algorithm': 'ball_tree'}",0.284019038,0.205789474,0.320265781,0.642353897,0.152888889,0.003207941,0.102153846,0.781546037
72,0.771193793,KNN,0.782979211,0.741099435,0.558363139,73,"{'n_neighbors': 10, 'weights': 'uniform', 'Algorithm': 'auto'}",0.284019038,0.205789474,0.320265781,0.642353897,0.152888889,0.003207941,0.102153846,0.781546037
75,0.771193793,KNN,0.782979211,0.741099435,0.558363139,76,"{'n_neighbors': 10, 'weights': 'uniform', 'Algorithm': 'brute'}",0.284019038,0.205789474,0.320265781,0.642353897,0.152888889,0.003207941,0.102153846,0.781546037
74,0.771193793,KNN,0.782979211,0.741099435,0.558363139,75,"{'n_neighbors': 10, 'weights': 'uniform', 'Algorithm': 'kd_tree'}",0.284019038,0.205789474,0.320265781,0.642353897,0.152888889,0.003207941,0.102153846,0.781546037
38,0.772283548,KNN,0.787872706,0.753278667,0.553587255,39,"{'n_neighbors': 5, 'weights': 'distance', 'Algorithm': 'kd_tree'}",0.267942887,0.162526316,0.316611296,0.643308847,0.172444444,0.012852665,0.102826923,0.779806334
39,0.772283548,KNN,0.787872706,0.753278667,0.553587255,40,"{'n_neighbors': 5, 'weights': 'distance', 'Algorithm': 'brute'}",0.267942887,0.162526316,0.316611296,0.643308847,0.172444444,0.012852665,0.102826923,0.779806334
36,0.772283548,KNN,0.787872706,0.753278667,0.553587255,37,"{'n_neighbors': 5, 'weights': 'distance', 'Algorithm': 'auto'}",0.267942887,0.162526316,0.316611296,0.643308847,0.172444444,0.012852665,0.102826923,0.779806334
37,0.772283548,KNN,0.787872706,0.753278667,0.553587255,38,"{'n_neighbors': 5, 'weights': 'distance', 'Algorithm': 'ball_tree'}",0.267942887,0.162526316,0.316611296,0.643308847,0.172444444,0.012852665,0.102826923,0.779806334
64,0.767822254,KNN,0.779373857,0.736509435,0.552241698,65,"{'n_neighbors': 9, 'weights': 'uniform', 'Algorithm': 'auto'}",0.289201481,0.201578947,0.329767442,0.637348842,0.153777778,0.003667712,0.102192308,0.778510371
65,0.767822254,KNN,0.779373857,0.736509435,0.552241698,66,"{'n_neighbors': 9, 'weights': 'uniform', 'Algorithm': 'ball_tree'}",0.289201481,0.201578947,0.329767442,0.637348842,0.153777778,0.003667712,0.102192308,0.778510371
66,0.767822254,KNN,0.779373857,0.736509435,0.552241698,67,"{'n_neighbors': 9, 'weights': 'uniform', 'Algorithm': 'kd_tree'}",0.289201481,0.201578947,0.329767442,0.637348842,0.153777778,0.003667712,0.102192308,0.778510371
67,0.767822254,KNN,0.779373857,0.736509435,0.552241698,68,"{'n_neighbors': 9, 'weights': 'uniform', 'Algorithm': 'brute'}",0.289201481,0.201578947,0.329767442,0.637348842,0.153777778,0.003667712,0.102192308,0.778510371
13,0.770428496,svm_poly,0.786980703,0.755238014,0.551944125,14,"{'kernel': 'poly', 'C': 0.1, 'gamma': 0.1, 'degree': 3}",0.263352723,0.170947368,0.306290144,0.641705485,0.183111111,0,0.127673077,0.776768083
28,0.773394463,KNN,0.791893912,0.763292713,0.551741318,29,"{'n_neighbors': 4, 'weights': 'distance', 'Algorithm': 'auto'}",0.254341618,0.155052632,0.300420819,0.643929027,0.188444444,0.011938349,0.115153846,0.778606969
29,0.773394463,KNN,0.791893912,0.763292713,0.551741318,30,"{'n_neighbors': 4, 'weights': 'distance', 'Algorithm': 'ball_tree'}",0.254341618,0.155052632,0.300420819,0.643929027,0.188444444,0.011938349,0.115153846,0.778606969
30,0.773394463,KNN,0.791893912,0.763292713,0.551741318,31,"{'n_neighbors': 4, 'weights': 'distance', 'Algorithm': 'kd_tree'}",0.254341618,0.155052632,0.300420819,0.643929027,0.188444444,0.011938349,0.115153846,0.778606969
31,0.773394463,KNN,0.791893912,0.763292713,0.551741318,32,"{'n_neighbors': 4, 'weights': 'distance', 'Algorithm': 'brute'}",0.254341618,0.155052632,0.300420819,0.643929027,0.188444444,0.011938349,0.115153846,0.778606969
69,0.770054664,svm_poly,0.78656691,0.754676971,0.551307131,70,"{'kernel': 'poly', 'C': 100, 'gamma': 0.01, 'degree': 3}",0.263997885,0.170947368,0.307242525,0.641146674,0.183111111,0,0.127673077,0.776445502
33,0.778286017,svm_poly,0.80703466,0.803742733,0.5483205,34,"{'kernel': 'poly', 'C': 1, 'gamma': 0.1, 'degree': 3}",0.19802221,0.103789474,0.241727575,0.649474581,0.254222222,0.004592476,0.171038462,0.773877784
57,0.768933169,KNN,0.784279165,0.749075657,0.547686057,58,"{'n_neighbors': 8, 'weights': 'uniform', 'Algorithm': 'ball_tree'}",0.272416711,0.203578947,0.30414175,0.636034693,0.174222222,0.002753396,0.117653846,0.776680534
56,0.768933169,KNN,0.784279165,0.749075657,0.547686057,57,"{'n_neighbors': 8, 'weights': 'uniform', 'Algorithm': 'auto'}",0.272416711,0.203578947,0.30414175,0.636034693,0.174222222,0.002753396,0.117653846,0.776680534
58,0.768933169,KNN,0.784279165,0.749075657,0.547686057,59,"{'n_neighbors': 8, 'weights': 'uniform', 'Algorithm': 'kd_tree'}",0.272416711,0.203578947,0.30414175,0.636034693,0.174222222,0.002753396,0.117653846,0.776680534
59,0.768933169,KNN,0.784279165,0.749075657,0.547686057,60,"{'n_neighbors': 8, 'weights': 'uniform', 'Algorithm': 'brute'}",0.272416711,0.203578947,0.30414175,0.636034693,0.174222222,0.002753396,0.117653846,0.776680534
51,0.768559337,KNN,0.783695186,0.748074123,0.547020241,52,"{'n_neighbors': 7, 'weights': 'uniform', 'Algorithm': 'brute'}",0.27371761,0.193473684,0.310852713,0.636298298,0.173333333,0.009174504,0.108394231,0.776474528
50,0.768559337,KNN,0.783695186,0.748074123,0.547020241,51,"{'n_neighbors': 7, 'weights': 'uniform', 'Algorithm': 'kd_tree'}",0.27371761,0.193473684,0.310852713,0.636298298,0.173333333,0.009174504,0.108394231,0.776474528
49,0.768559337,KNN,0.783695186,0.748074123,0.547020241,50,"{'n_neighbors': 7, 'weights': 'uniform', 'Algorithm': 'ball_tree'}",0.27371761,0.193473684,0.310852713,0.636298298,0.173333333,0.009174504,0.108394231,0.776474528
48,0.768559337,KNN,0.783695186,0.748074123,0.547020241,49,"{'n_neighbors': 7, 'weights': 'uniform', 'Algorithm': 'auto'}",0.27371761,0.193473684,0.310852713,0.636298298,0.173333333,0.009174504,0.108394231,0.776474528
19,0.773761241,KNN,0.796834126,0.778453763,0.545845379,20,"{'n_neighbors': 3, 'weights': 'uniform', 'Algorithm': 'brute'}",0.233019566,0.122421053,0.284318937,0.64293912,0.216888889,0.009179728,0.138701923,0.775045772
16,0.773761241,KNN,0.796834126,0.778453763,0.545845379,17,"{'n_neighbors': 3, 'weights': 'uniform', 'Algorithm': 'auto'}",0.233019566,0.122421053,0.284318937,0.64293912,0.216888889,0.009179728,0.138701923,0.775045772
17,0.773761241,KNN,0.796834126,0.778453763,0.545845379,18,"{'n_neighbors': 3, 'weights': 'uniform', 'Algorithm': 'ball_tree'}",0.233019566,0.122421053,0.284318937,0.64293912,0.216888889,0.009179728,0.138701923,0.775045772
18,0.773761241,KNN,0.796834126,0.778453763,0.545845379,19,"{'n_neighbors': 3, 'weights': 'uniform', 'Algorithm': 'kd_tree'}",0.233019566,0.122421053,0.284318937,0.64293912,0.216888889,0.009179728,0.138701923,0.775045772
49,0.741611709,svm_poly,0.73039307,0.657450384,0.544102172,50,"{'kernel': 'poly', 'C': 10, 'gamma': 0.01, 'degree': 3}",0.381628768,0.280526316,0.428372093,0.617122498,0.088888889,0,0.061971154,0.764741172
35,0.768538177,KNN,0.786535774,0.756106378,0.542719326,36,"{'n_neighbors': 5, 'weights': 'uniform', 'Algorithm': 'brute'}",0.262739291,0.162947368,0.3089701,0.635052869,0.188444444,0.006426332,0.122663462,0.774408132
34,0.768538177,KNN,0.786535774,0.756106378,0.542719326,35,"{'n_neighbors': 5, 'weights': 'uniform', 'Algorithm': 'kd_tree'}",0.262739291,0.162947368,0.3089701,0.635052869,0.188444444,0.006426332,0.122663462,0.774408132
32,0.768538177,KNN,0.786535774,0.756106378,0.542719326,33,"{'n_neighbors': 5, 'weights': 'uniform', 'Algorithm': 'auto'}",0.262739291,0.162947368,0.3089701,0.635052869,0.188444444,0.006426332,0.122663462,0.774408132
33,0.768538177,KNN,0.786535774,0.756106378,0.542719326,34,"{'n_neighbors': 5, 'weights': 'uniform', 'Algorithm': 'ball_tree'}",0.262739291,0.162947368,0.3089701,0.635052869,0.188444444,0.006426332,0.122663462,0.774408132
3,0.768199612,svm_linear,0.79241578,0.780362978,0.540352361,4,"{'kernel': 'linear', 'C': 100}",0.22516129,0.097684211,0.284208195,0.641977433,0.240888889,0.010543365,0.153480769,0.76697491
20,0.767035796,KNN,0.787767877,0.763373072,0.536165182,21,"{'n_neighbors': 3, 'weights': 'distance', 'Algorithm': 'auto'}",0.251750397,0.144842105,0.3013732,0.633886569,0.207111111,0.018359457,0.1195,0.770569246
21,0.767035796,KNN,0.787767877,0.763373072,0.536165182,22,"{'n_neighbors': 3, 'weights': 'distance', 'Algorithm': 'ball_tree'}",0.251750397,0.144842105,0.3013732,0.633886569,0.207111111,0.018359457,0.1195,0.770569246
23,0.767035796,KNN,0.787767877,0.763373072,0.536165182,24,"{'n_neighbors': 3, 'weights': 'distance', 'Algorithm': 'brute'}",0.251750397,0.144842105,0.3013732,0.633886569,0.207111111,0.018359457,0.1195,0.770569246
22,0.767035796,KNN,0.787767877,0.763373072,0.536165182,23,"{'n_neighbors': 3, 'weights': 'distance', 'Algorithm': 'kd_tree'}",0.251750397,0.144842105,0.3013732,0.633886569,0.207111111,0.018359457,0.1195,0.770569246
19,0.769659672,svm_rbf,0.795876121,0.783727315,0.533891121,20,"{'kernel': 'rbf', 'C': 10, 'gamma': 0.1}",0.22392385,0.098,0.282458472,0.636801193,0.239111111,0.016029258,0.144942308,0.76848252
43,0.76368189,KNN,0.785227271,0.762828119,0.528291204,44,"{'n_neighbors': 6, 'weights': 'uniform', 'Algorithm': 'brute'}",0.251105235,0.168947368,0.2889701,0.626124087,0.216,0.007789969,0.139884615,0.766447382
42,0.76368189,KNN,0.785227271,0.762828119,0.528291204,43,"{'n_neighbors': 6, 'weights': 'uniform', 'Algorithm': 'kd_tree'}",0.251105235,0.168947368,0.2889701,0.626124087,0.216,0.007789969,0.139884615,0.766447382
41,0.76368189,KNN,0.785227271,0.762828119,0.528291204,42,"{'n_neighbors': 6, 'weights': 'uniform', 'Algorithm': 'ball_tree'}",0.251105235,0.168947368,0.2889701,0.626124087,0.216,0.007789969,0.139884615,0.766447382
40,0.76368189,KNN,0.785227271,0.762828119,0.528291204,41,"{'n_neighbors': 6, 'weights': 'uniform', 'Algorithm': 'auto'}",0.251105235,0.168947368,0.2889701,0.626124087,0.216,0.007789969,0.139884615,0.766447382
27,0.764023982,svm_rbf,0.795813312,0.79507143,0.517185269,28,"{'kernel': 'rbf', 'C': 100, 'gamma': 0.1}",0.20519302,0.093894737,0.256921373,0.627908404,0.278222222,0.020167189,0.166625,0.758292379
0,0.755785576,KNN,0.784933968,0.776632871,0.504567785,1,"{'n_neighbors': 1, 'weights': 'uniform', 'Algorithm': 'auto'}",0.228418826,0.134421053,0.271827243,0.615037088,0.265777778,0.025705329,0.150538462,0.752901698
2,0.755785576,KNN,0.784933968,0.776632871,0.504567785,3,"{'n_neighbors': 1, 'weights': 'uniform', 'Algorithm': 'kd_tree'}",0.228418826,0.134421053,0.271827243,0.615037088,0.265777778,0.025705329,0.150538462,0.752901698
12,0.755785576,KNN,0.784933968,0.776632871,0.504567785,13,"{'n_neighbors': 2, 'weights': 'distance', 'Algorithm': 'auto'}",0.228418826,0.134421053,0.271827243,0.615037088,0.265777778,0.025705329,0.150538462,0.752901698
1,0.755785576,KNN,0.784933968,0.776632871,0.504567785,2,"{'n_neighbors': 1, 'weights': 'uniform', 'Algorithm': 'ball_tree'}",0.228418826,0.134421053,0.271827243,0.615037088,0.265777778,0.025705329,0.150538462,0.752901698
3,0.755785576,KNN,0.784933968,0.776632871,0.504567785,4,"{'n_neighbors': 1, 'weights': 'uniform', 'Algorithm': 'brute'}",0.228418826,0.134421053,0.271827243,0.615037088,0.265777778,0.025705329,0.150538462,0.752901698
4,0.755785576,KNN,0.784933968,0.776632871,0.504567785,5,"{'n_neighbors': 1, 'weights': 'distance', 'Algorithm': 'auto'}",0.228418826,0.134421053,0.271827243,0.615037088,0.265777778,0.025705329,0.150538462,0.752901698
5,0.755785576,KNN,0.784933968,0.776632871,0.504567785,6,"{'n_neighbors': 1, 'weights': 'distance', 'Algorithm': 'ball_tree'}",0.228418826,0.134421053,0.271827243,0.615037088,0.265777778,0.025705329,0.150538462,0.752901698
6,0.755785576,KNN,0.784933968,0.776632871,0.504567785,7,"{'n_neighbors': 1, 'weights': 'distance', 'Algorithm': 'kd_tree'}",0.228418826,0.134421053,0.271827243,0.615037088,0.265777778,0.025705329,0.150538462,0.752901698
7,0.755785576,KNN,0.784933968,0.776632871,0.504567785,8,"{'n_neighbors': 1, 'weights': 'distance', 'Algorithm': 'brute'}",0.228418826,0.134421053,0.271827243,0.615037088,0.265777778,0.025705329,0.150538462,0.752901698
13,0.755785576,KNN,0.784933968,0.776632871,0.504567785,14,"{'n_neighbors': 2, 'weights': 'distance', 'Algorithm': 'ball_tree'}",0.228418826,0.134421053,0.271827243,0.615037088,0.265777778,0.025705329,0.150538462,0.752901698
14,0.755785576,KNN,0.784933968,0.776632871,0.504567785,15,"{'n_neighbors': 2, 'weights': 'distance', 'Algorithm': 'kd_tree'}",0.228418826,0.134421053,0.271827243,0.615037088,0.265777778,0.025705329,0.150538462,0.752901698
15,0.755785576,KNN,0.784933968,0.776632871,0.504567785,16,"{'n_neighbors': 2, 'weights': 'distance', 'Algorithm': 'brute'}",0.228418826,0.134421053,0.271827243,0.615037088,0.265777778,0.025705329,0.150538462,0.752901698
53,0.753591959,svm_poly,0.782405855,0.773535313,0.501308912,54,"{'kernel': 'poly', 'C': 10, 'gamma': 0.1, 'degree': 3}",0.231655209,0.13,0.278715393,0.611234522,0.266666667,0.0142372,0.166644231,0.750839062
17,0.756222888,svm_poly,0.790272679,0.792086725,0.500263891,18,"{'kernel': 'poly', 'C': 0.1, 'gamma': 1, 'degree': 3}",0.206398731,0.114315789,0.249368771,0.616603228,0.295111111,0.028416928,0.167221154,0.749245079
73,0.756222888,svm_poly,0.790272679,0.792086725,0.500263891,74,"{'kernel': 'poly', 'C': 100, 'gamma': 0.1, 'degree': 3}",0.206398731,0.114315789,0.249368771,0.616603228,0.295111111,0.028416928,0.167221154,0.749245079
1,0.753976371,DT,0.787698818,0.788617343,0.496970226,2,"{'criterion': 'gini', 'splitter': 'best', 'min_samples_split': 5}",0.210290851,0.142842105,0.241749723,0.613215291,0.295111111,0.032126437,0.162163462,0.747299019
28,0.73782049,svm_rbf,0.748362648,0.704780394,0.494614565,29,"{'kernel': 'rbf', 'C': 100, 'gamma': 1}",0.321004759,0.245263158,0.356212625,0.58820857,0.181333333,0.002298851,0.123192308,0.748830954
20,0.73782049,svm_rbf,0.748362648,0.704780394,0.494614565,21,"{'kernel': 'rbf', 'C': 10, 'gamma': 1}",0.321004759,0.245263158,0.356212625,0.58820857,0.181333333,0.002298851,0.123192308,0.748830954
4,0.752078998,DT,0.786047945,0.787722908,0.494413472,5,"{'criterion': 'gini', 'splitter': 'best', 'min_samples_split': 20}",0.210312004,0.150736842,0.237851606,0.610823585,0.299555556,0.027084639,0.172096154,0.74506622
27,0.750163992,KNN,0.779184166,0.768810272,0.494103613,28,"{'n_neighbors': 4, 'weights': 'uniform', 'Algorithm': 'brute'}",0.237525119,0.155157895,0.275836102,0.603975416,0.266666667,0.006880878,0.176519231,0.747904107
25,0.750163992,KNN,0.779184166,0.768810272,0.494103613,26,"{'n_neighbors': 4, 'weights': 'uniform', 'Algorithm': 'ball_tree'}",0.237525119,0.155157895,0.275836102,0.603975416,0.266666667,0.006880878,0.176519231,0.747904107
26,0.750163992,KNN,0.779184166,0.768810272,0.494103613,27,"{'n_neighbors': 4, 'weights': 'uniform', 'Algorithm': 'kd_tree'}",0.237525119,0.155157895,0.275836102,0.603975416,0.266666667,0.006880878,0.176519231,0.747904107
24,0.750163992,KNN,0.779184166,0.768810272,0.494103613,25,"{'n_neighbors': 4, 'weights': 'uniform', 'Algorithm': 'auto'}",0.237525119,0.155157895,0.275836102,0.603975416,0.266666667,0.006880878,0.176519231,0.747904107
3,0.751708693,DT,0.785222676,0.785937189,0.493379269,4,"{'criterion': 'gini', 'splitter': 'best', 'min_samples_split': 15}",0.212924379,0.142526316,0.245537099,0.610252134,0.296888889,0.028918495,0.167740385,0.745093366
2,0.752495151,DT,0.787955087,0.791877028,0.492498552,3,"{'criterion': 'gini', 'splitter': 'best', 'min_samples_split': 10}",0.205055526,0.144315789,0.23324474,0.610823599,0.305777778,0.03030303,0.172076923,0.744583348
36,0.750216893,svm_poly,0.787681944,0.796413369,0.48627477,37,"{'kernel': 'poly', 'C': 1, 'gamma': 1, 'degree': 2}",0.19734532,0.111684211,0.23696567,0.606935041,0.321777778,0.022936259,0.193105769,0.740438451
52,0.744595309,svm_poly,0.771156044,0.755146631,0.485741843,53,"{'kernel': 'poly', 'C': 10, 'gamma': 0.1, 'degree': 2}",0.254870439,0.16,0.298648948,0.595245337,0.256,0.011922675,0.16225,0.744564781
72,0.749843061,svm_poly,0.787453373,0.796320616,0.485427188,73,"{'kernel': 'poly', 'C': 100, 'gamma': 0.1, 'degree': 2}",0.19734532,0.111684211,0.23696567,0.606356342,0.322666667,0.022936259,0.193730769,0.739994007
16,0.744221478,svm_poly,0.770737535,0.754584919,0.485097366,17,"{'kernel': 'poly', 'C': 0.1, 'gamma': 1, 'degree': 2}",0.2555156,0.16,0.299601329,0.594676191,0.256,0.011922675,0.16225,0.7442422
0,0.747607124,DT,0.782963887,0.785512677,0.483519949,1,"{'criterion': 'gini', 'splitter': 'best', 'min_samples_split': 2}",0.21218403,0.154315789,0.238826135,0.604532003,0.307555556,0.04315047,0.156009615,0.740130207
8,0.741957327,DT,0.772237428,0.76375605,0.476837531,9,"{'criterion': 'gini', 'splitter': 'random', 'min_samples_split': 15}",0.241374934,0.193684211,0.263477298,0.592039196,0.280888889,0.022962382,0.16475,0.738868089
18,0.740067008,DT,0.769995037,0.759634082,0.474196358,19,"{'criterion': 'entropy', 'splitter': 'random', 'min_samples_split': 15}",0.246567953,0.187684211,0.273820598,0.589244419,0.278222222,0.022016719,0.164076923,0.737604912
13,0.743117616,DT,0.779110959,0.780857958,0.473886162,14,"{'criterion': 'entropy', 'splitter': 'best', 'min_samples_split': 15}",0.217472237,0.146315789,0.250254707,0.59634894,0.311111111,0.031185998,0.174461538,0.735708326
17,0.741601129,DT,0.776062574,0.776708354,0.473671746,18,"{'criterion': 'entropy', 'splitter': 'random', 'min_samples_split': 10}",0.221914331,0.185789474,0.238737542,0.594376117,0.308444444,0.033479624,0.169673077,0.734820612
37,0.742003174,svm_poly,0.778598855,0.782656829,0.471272699,38,"{'kernel': 'poly', 'C': 1, 'gamma': 1, 'degree': 3}",0.21413009,0.133052632,0.252203765,0.59572005,0.318222222,0.039409613,0.168355769,0.733823844
35,0.704129783,svm_poly,0.688911568,0.61088763,0.469693856,36,"{'kernel': 'poly', 'C': 1, 'gamma': 0.1, 'degree': 5}",0.431686938,0.362736842,0.463543743,0.552249619,0.109333333,0.011018809,0.061278846,0.729489864
14,0.739319344,DT,0.774048002,0.773467803,0.469142891,15,"{'criterion': 'entropy', 'splitter': 'best', 'min_samples_split': 20}",0.225986251,0.163052632,0.255016611,0.591311126,0.308444444,0.030747126,0.173230769,0.732784652
5,0.739365191,DT,0.773782323,0.773017034,0.467602912,6,"{'criterion': 'gini', 'splitter': 'random', 'min_samples_split': 2}",0.227096774,0.166947368,0.25503876,0.589668304,0.306666667,0.039446186,0.160413462,0.73311828
75,0.730312114,svm_poly,0.750100512,0.719190528,0.467392919,76,"{'kernel': 'poly', 'C': 100, 'gamma': 0.1, 'degree': 5}",0.299682708,0.214105263,0.339357697,0.576745164,0.228444444,0.031165099,0.117048077,0.735936424
12,0.711211427,svm_rbf,0.705613464,0.640785226,0.466844505,13,"{'kernel': 'rbf', 'C': 1, 'gamma': 1}",0.395505024,0.316736842,0.432048726,0.554080453,0.142222222,0,0.099076923,0.731136377
19,0.734477165,DT,0.762672559,0.748158028,0.466791009,20,"{'criterion': 'entropy', 'splitter': 'random', 'min_samples_split': 20}",0.260200952,0.206421053,0.285359911,0.581500334,0.272888889,0.021123302,0.161538462,0.73345508
55,0.716861224,svm_poly,0.719632502,0.662790368,0.465244555,56,"{'kernel': 'poly', 'C': 10, 'gamma': 0.1, 'degree': 5}",0.370185087,0.281368421,0.411406423,0.561163699,0.163555556,0.019733542,0.087375,0.733129679
57,0.738628108,svm_poly,0.776475746,0.782554041,0.463860745,58,"{'kernel': 'poly', 'C': 10, 'gamma': 1, 'degree': 3}",0.212839767,0.139263158,0.24744186,0.59047777,0.328,0.039409613,0.175173077,0.729580116
77,0.738628108,svm_poly,0.776475746,0.782554041,0.463860745,78,"{'kernel': 'poly', 'C': 100, 'gamma': 1, 'degree': 3}",0.212839767,0.139263158,0.24744186,0.59047777,0.328,0.039409613,0.175173077,0.729580116
11,0.737481926,DT,0.773735911,0.776282981,0.463263949,12,"{'criterion': 'entropy', 'splitter': 'best', 'min_samples_split': 5}",0.22138551,0.148421053,0.25503876,0.588983879,0.319111111,0.0403814,0.167711538,0.729751689
15,0.685776759,svm_poly,0.649807743,0.556385427,0.463195298,16,"{'kernel': 'poly', 'C': 0.1, 'gamma': 0.1, 'degree': 5}",0.491930196,0.442421053,0.514750831,0.534144541,0.070222222,0.002753396,0.045182692,0.718923791
15,0.737824017,DT,0.775699056,0.779771832,0.462537059,16,"{'criterion': 'entropy', 'splitter': 'random', 'min_samples_split': 2}",0.216848228,0.173263158,0.237009967,0.589368015,0.324444444,0.048192268,0.160961538,0.729353664
12,0.736751896,DT,0.772609446,0.773555956,0.46200715,13,"{'criterion': 'entropy', 'splitter': 'best', 'min_samples_split': 10}",0.225214172,0.146842105,0.261683278,0.586975752,0.315555556,0.035794148,0.171365385,0.729615136
7,0.733352142,DT,0.769535684,0.770676916,0.455571172,8,"{'criterion': 'gini', 'splitter': 'random', 'min_samples_split': 10}",0.227805394,0.201157895,0.239800664,0.580173968,0.32,0.033495298,0.177692308,0.726097303
1,0.727741139,Naive Bayes,0.754468631,0.735159807,0.455109485,2,{'NB_Classifiers': MultinomialNB()},0.276340561,0.165157895,0.327929125,0.569157021,0.266666667,0,0.185788462,0.728496386
16,0.735214248,DT,0.775082595,0.784371425,0.454736982,17,"{'criterion': 'entropy', 'splitter': 'random', 'min_samples_split': 5}",0.209042834,0.159157895,0.232292359,0.584033744,0.341333333,0.040799373,0.182615385,0.724811916
56,0.73339799,svm_poly,0.777924936,0.795611912,0.450009559,57,"{'kernel': 'poly', 'C': 10, 'gamma': 1, 'degree': 2}",0.19147541,0.131684211,0.218936877,0.584038343,0.369777778,0.031165099,0.215355769,0.719373406
9,0.726989949,DT,0.759423359,0.752671407,0.448310487,10,"{'criterion': 'gini', 'splitter': 'random', 'min_samples_split': 20}",0.250512956,0.218315789,0.265160576,0.570028142,0.304,0.026180773,0.176326923,0.722743522
11,0.73293599,KNN,0.778252872,0.797358915,0.447327623,12,"{'n_neighbors': 2, 'weights': 'uniform', 'Algorithm': 'brute'}",0.189011105,0.118736842,0.221749723,0.58079812,0.374222222,0.003678161,0.255788462,0.718383336
8,0.73293599,KNN,0.778252872,0.797358915,0.447327623,9,"{'n_neighbors': 2, 'weights': 'uniform', 'Algorithm': 'auto'}",0.189011105,0.118736842,0.221749723,0.58079812,0.374222222,0.003678161,0.255788462,0.718383336
10,0.73293599,KNN,0.778252872,0.797358915,0.447327623,11,"{'n_neighbors': 2, 'weights': 'uniform', 'Algorithm': 'kd_tree'}",0.189011105,0.118736842,0.221749723,0.58079812,0.374222222,0.003678161,0.255788462,0.718383336
9,0.73293599,KNN,0.778252872,0.797358915,0.447327623,10,"{'n_neighbors': 2, 'weights': 'uniform', 'Algorithm': 'ball_tree'}",0.189011105,0.118736842,0.221749723,0.58079812,0.374222222,0.003678161,0.255788462,0.718383336
0,0.722503968,Naive Bayes,0.749607556,0.729755462,0.444384935,1,{'NB_Classifiers': GaussianNB()},0.282199894,0.179368421,0.329833887,0.577293971,0.271111111,0.101321839,0.051951923,0.723344497
6,0.72661259,DT,0.762056309,0.76048394,0.442263386,7,"{'criterion': 'gini', 'splitter': 'random', 'min_samples_split': 5}",0.240074035,0.206421053,0.255769657,0.568243177,0.319111111,0.034874608,0.175240385,0.720407427
10,0.723985188,DT,0.760750668,0.761608846,0.437461833,11,"{'criterion': 'entropy', 'splitter': 'best', 'min_samples_split': 2}",0.236953993,0.162526316,0.271118494,0.569061238,0.329777778,0.047722048,0.165211538,0.716634115
76,0.725138424,svm_poly,0.772585701,0.793439822,0.431579194,77,"{'kernel': 'poly', 'C': 100, 'gamma': 1, 'degree': 2}",0.191454257,0.150105263,0.210387597,0.571404764,0.389333333,0.031180773,0.229096154,0.709606205
74,0.707864574,svm_poly,0.743759237,0.737993023,0.40576437,75,"{'kernel': 'poly', 'C': 100, 'gamma': 0.1, 'degree': 4}",0.265298784,0.219684211,0.286290144,0.538756042,0.328888889,0.037147335,0.178884615,0.702906164
19,0.706411568,svm_poly,0.741540383,0.733687531,0.403414462,20,"{'kernel': 'poly', 'C': 0.1, 'gamma': 1, 'degree': 5}",0.27106293,0.201684211,0.303388704,0.538967102,0.324444444,0.055480669,0.151,0.702246313
59,0.705632164,svm_poly,0.74192333,0.736138774,0.40089333,60,"{'kernel': 'poly', 'C': 10, 'gamma': 1, 'degree': 5}",0.267234268,0.199578947,0.2986268,0.537797984,0.331555556,0.055020899,0.156596154,0.700605088
39,0.705632164,svm_poly,0.74192333,0.736138774,0.40089333,40,"{'kernel': 'poly', 'C': 1, 'gamma': 1, 'degree': 5}",0.267234268,0.199578947,0.2986268,0.537797984,0.331555556,0.055020899,0.156596154,0.700605088
79,0.705632164,svm_poly,0.74192333,0.736138774,0.40089333,80,"{'kernel': 'poly', 'C': 100, 'gamma': 1, 'degree': 5}",0.267234268,0.199578947,0.2986268,0.537797984,0.331555556,0.055020899,0.156596154,0.700605088
54,0.693620173,svm_poly,0.71281753,0.678945377,0.396462863,55,"{'kernel': 'poly', 'C': 10, 'gamma': 0.1, 'degree': 4}",0.34168165,0.299368421,0.361218162,0.515116583,0.257777778,0.028897597,0.140519231,0.700270286
32,0.680916946,svm_poly,0.687431963,0.638384408,0.387629889,33,"{'kernel': 'poly', 'C': 1, 'gamma': 0.1, 'degree': 2}",0.390132205,0.390947368,0.389568106,0.493434048,0.221333333,0.002293626,0.151125,0.694267231
68,0.680916946,svm_poly,0.687431963,0.638384408,0.387629889,69,"{'kernel': 'poly', 'C': 100, 'gamma': 0.01, 'degree': 2}",0.390132205,0.390947368,0.389568106,0.493434048,0.221333333,0.002293626,0.151125,0.694267231
18,0.696977605,svm_poly,0.743598483,0.753019256,0.375425396,19,"{'kernel': 'poly', 'C': 0.1, 'gamma': 1, 'degree': 4}",0.24,0.221684211,0.248305648,0.524525396,0.389333333,0.05091954,0.202490385,0.685333333
38,0.695884324,svm_poly,0.743173365,0.753921965,0.373306307,39,"{'kernel': 'poly', 'C': 1, 'gamma': 1, 'degree': 4}",0.238011634,0.207263158,0.252115172,0.524472082,0.394666667,0.057366771,0.1975,0.68366085
78,0.695884324,svm_poly,0.743173365,0.753921965,0.373306307,79,"{'kernel': 'poly', 'C': 100, 'gamma': 1, 'degree': 4}",0.238011634,0.207263158,0.252115172,0.524472082,0.394666667,0.057366771,0.1975,0.68366085
58,0.695884324,svm_poly,0.743173365,0.753921965,0.373306307,59,"{'kernel': 'poly', 'C': 10, 'gamma': 1, 'degree': 4}",0.238011634,0.207263158,0.252115172,0.524472082,0.394666667,0.057366771,0.1975,0.68366085
34,0.652791395,svm_poly,0.643658557,0.579108474,0.35069164,35,"{'kernel': 'poly', 'C': 1, 'gamma': 0.1, 'degree': 4}",0.456975145,0.450736842,0.459911406,0.455193966,0.196444444,0.019263323,0.110826923,0.673290205
29,0.541569388,svm_poly,0.340478215,0.246532283,0.312216524,30,"{'kernel': 'poly', 'C': 1, 'gamma': 0.01, 'degree': 3}",0.791602327,0.759789474,0.806578073,0.353517329,0.000888889,0,0.000625,0.603754392
14,0.587243872,svm_poly,0.508806717,0.41589573,0.287192566,15,"{'kernel': 'poly', 'C': 0.1, 'gamma': 0.1, 'degree': 4}",0.629095717,0.624105263,0.631362126,0.369032763,0.115555556,0.009174504,0.068134615,0.627674364
21,0.545678011,svm_rbf,0.374721881,0.277678345,0.285439474,22,"{'kernel': 'rbf', 'C': 10, 'gamma': 2}",0.763120042,0.773578947,0.75833887,0.334754767,0.030222222,0,0.021067308,0.603328868
29,0.545678011,svm_rbf,0.374721881,0.277678345,0.285439474,30,"{'kernel': 'rbf', 'C': 100, 'gamma': 2}",0.763120042,0.773578947,0.75833887,0.334754767,0.030222222,0,0.021067308,0.603328868
71,0.530410862,svm_poly,0.316551428,0.236619679,0.272431075,72,"{'kernel': 'poly', 'C': 100, 'gamma': 0.01, 'degree': 5}",0.795864622,0.758210526,0.813266888,0.318045666,0.021333333,0,0.014875,0.591401022
13,0.516469758,svm_rbf,0.296838423,0.211878935,0.248009112,14,"{'kernel': 'rbf', 'C': 1, 'gamma': 2}",0.822009519,0.828315789,0.818981174,0.29006795,0.018666667,0,0.013019231,0.579661907
48,0.564803386,svm_poly,0.485785154,0.399024493,0.231360394,49,"{'kernel': 'poly', 'C': 10, 'gamma': 0.01, 'degree': 2}",0.643289265,0.683157895,0.624606866,0.316866865,0.149333333,0,0.104057692,0.603688701
12,0.564803386,svm_poly,0.485785154,0.399024493,0.231360394,13,"{'kernel': 'poly', 'C': 0.1, 'gamma': 0.1, 'degree': 2}",0.643289265,0.683157895,0.624606866,0.316866865,0.149333333,0,0.104057692,0.603688701
70,0.502630929,svm_poly,0.294253666,0.213017975,0.188649256,71,"{'kernel': 'poly', 'C': 100, 'gamma': 0.01, 'degree': 4}",0.820042306,0.838421053,0.811207087,0.241917043,0.054222222,0.000454545,0.037115385,0.562867736
30,0.453948157,svm_rbf,0.1109458,0.073119,0.140371708,31,"{'kernel': 'rbf', 'C': 100, 'gamma': 3}",0.94041248,0.932421053,0.944031008,0.16528217,0.004444444,0,0.003105769,0.527571538
22,0.453948157,svm_rbf,0.1109458,0.073119,0.140371708,23,"{'kernel': 'rbf', 'C': 10, 'gamma': 3}",0.94041248,0.932421053,0.944031008,0.16528217,0.004444444,0,0.003105769,0.527571538
51,0.435214248,svm_poly,0.046432874,0.029707301,0.093031818,52,"{'kernel': 'poly', 'C': 10, 'gamma': 0.01, 'degree': 5}",0.976044421,0.975578947,0.97627907,0.106039361,0,0,0,0.51197779
14,0.436720155,svm_rbf,0.051894764,0.033603134,0.088816053,15,"{'kernel': 'rbf', 'C': 1, 'gamma': 3}",0.972786885,0.961263158,0.978117386,0.105184914,0.000888889,0,0.000615385,0.513162113
64,0.46368189,svm_poly,0.237411367,0.171721271,0.070785416,65,"{'kernel': 'poly', 'C': 100, 'gamma': 0.001, 'degree': 2}",0.854976203,0.887473684,0.839689922,0.134071197,0.098666667,0,0.068740385,0.523178565
28,0.46368189,svm_poly,0.237411367,0.171721271,0.070785416,29,"{'kernel': 'poly', 'C': 1, 'gamma': 0.01, 'degree': 2}",0.854976203,0.887473684,0.839689922,0.134071197,0.098666667,0,0.068740385,0.523178565
31,0.429596191,svm_rbf,0.027688987,0.017678726,0.060758467,32,"{'kernel': 'rbf', 'C': 100, 'gamma': 4}",0.98575357,0.977473684,0.989545958,0.072013471,0,0,0,0.507123215
23,0.429596191,svm_rbf,0.027688987,0.017678726,0.060758467,24,"{'kernel': 'rbf', 'C': 10, 'gamma': 4}",0.98575357,0.977473684,0.989545958,0.072013471,0,0,0,0.507123215
50,0.438211956,svm_poly,0.094739798,0.062659745,0.055067989,51,"{'kernel': 'poly', 'C': 10, 'gamma': 0.01, 'degree': 4}",0.948873612,0.959157895,0.944053156,0.088932904,0.030222222,0,0.021,0.510452083
15,0.425476988,svm_rbf,0.014029698,0.008874682,0.036537736,16,"{'kernel': 'rbf', 'C': 1, 'gamma': 4}",0.992871497,0.989789474,0.994307863,0.042710907,0,0,0,0.503564252
8,0.422101922,svm_rbf,0.002539683,0.001606426,0.00661984,9,"{'kernel': 'rbf', 'C': 1, 'gamma': 0.0001}",0.998709677,0.998,0.999047619,0.007802596,0,0,0,0.500645161
65,0.421354259,svm_poly,0,0,0,66,"{'kernel': 'poly', 'C': 100, 'gamma': 0.001, 'degree': 3}",1,1,1,0,0,0,0,0.5
60,0.421354259,svm_poly,0,0,0,61,"{'kernel': 'poly', 'C': 100, 'gamma': 0.0001, 'degree': 2}",1,1,1,0,0,0,0,0.5
61,0.421354259,svm_poly,0,0,0,62,"{'kernel': 'poly', 'C': 100, 'gamma': 0.0001, 'degree': 3}",1,1,1,0,0,0,0,0.5
62,0.421354259,svm_poly,0,0,0,63,"{'kernel': 'poly', 'C': 100, 'gamma': 0.0001, 'degree': 4}",1,1,1,0,0,0,0,0.5
63,0.421354259,svm_poly,0,0,0,64,"{'kernel': 'poly', 'C': 100, 'gamma': 0.0001, 'degree': 5}",1,1,1,0,0,0,0,0.5
46,0.421354259,svm_poly,0,0,0,47,"{'kernel': 'poly', 'C': 10, 'gamma': 0.001, 'degree': 4}",1,1,1,0,0,0,0,0.5
66,0.421354259,svm_poly,0,0,0,67,"{'kernel': 'poly', 'C': 100, 'gamma': 0.001, 'degree': 4}",1,1,1,0,0,0,0,0.5
67,0.421354259,svm_poly,0,0,0,68,"{'kernel': 'poly', 'C': 100, 'gamma': 0.001, 'degree': 5}",1,1,1,0,0,0,0,0.5
47,0.421354259,svm_poly,0,0,0,48,"{'kernel': 'poly', 'C': 10, 'gamma': 0.001, 'degree': 5}",1,1,1,0,0,0,0,0.5
5,0.421354259,svm_rbf,0,0,0,6,"{'kernel': 'rbf', 'C': 0.1, 'gamma': 2}",1,1,1,0,0,0,0,0.5
45,0.421354259,svm_poly,0,0,0,46,"{'kernel': 'poly', 'C': 10, 'gamma': 0.001, 'degree': 3}",1,1,1,0,0,0,0,0.5
10,0.421354259,svm_poly,0,0,0,11,"{'kernel': 'poly', 'C': 0.1, 'gamma': 0.01, 'degree': 4}",1,1,1,0,0,0,0,0.5
7,0.421354259,svm_rbf,0,0,0,8,"{'kernel': 'rbf', 'C': 0.1, 'gamma': 4}",1,1,1,0,0,0,0,0.5
4,0.421354259,svm_rbf,0,0,0,5,"{'kernel': 'rbf', 'C': 0.1, 'gamma': 1}",1,1,1,0,0,0,0,0.5
1,0.421354259,svm_rbf,0,0,0,2,"{'kernel': 'rbf', 'C': 0.1, 'gamma': 0.001}",1,1,1,0,0,0,0,0.5
0,0.421354259,svm_rbf,0,0,0,1,"{'kernel': 'rbf', 'C': 0.1, 'gamma': 0.0001}",1,1,1,0,0,0,0,0.5
0,0.421354259,svm_poly,0,0,0,1,"{'kernel': 'poly', 'C': 0.1, 'gamma': 0.0001, 'degree': 2}",1,1,1,0,0,0,0,0.5
1,0.421354259,svm_poly,0,0,0,2,"{'kernel': 'poly', 'C': 0.1, 'gamma': 0.0001, 'degree': 3}",1,1,1,0,0,0,0,0.5
2,0.421354259,svm_poly,0,0,0,3,"{'kernel': 'poly', 'C': 0.1, 'gamma': 0.0001, 'degree': 4}",1,1,1,0,0,0,0,0.5
3,0.421354259,svm_poly,0,0,0,4,"{'kernel': 'poly', 'C': 0.1, 'gamma': 0.0001, 'degree': 5}",1,1,1,0,0,0,0,0.5
4,0.421354259,svm_poly,0,0,0,5,"{'kernel': 'poly', 'C': 0.1, 'gamma': 0.001, 'degree': 2}",1,1,1,0,0,0,0,0.5
5,0.421354259,svm_poly,0,0,0,6,"{'kernel': 'poly', 'C': 0.1, 'gamma': 0.001, 'degree': 3}",1,1,1,0,0,0,0,0.5
6,0.421354259,svm_poly,0,0,0,7,"{'kernel': 'poly', 'C': 0.1, 'gamma': 0.001, 'degree': 4}",1,1,1,0,0,0,0,0.5
7,0.421354259,svm_poly,0,0,0,8,"{'kernel': 'poly', 'C': 0.1, 'gamma': 0.001, 'degree': 5}",1,1,1,0,0,0,0,0.5
8,0.421354259,svm_poly,0,0,0,9,"{'kernel': 'poly', 'C': 0.1, 'gamma': 0.01, 'degree': 2}",1,1,1,0,0,0,0,0.5
9,0.421354259,svm_poly,0,0,0,10,"{'kernel': 'poly', 'C': 0.1, 'gamma': 0.01, 'degree': 3}",1,1,1,0,0,0,0,0.5
11,0.421354259,svm_poly,0,0,0,12,"{'kernel': 'poly', 'C': 0.1, 'gamma': 0.01, 'degree': 5}",1,1,1,0,0,0,0,0.5
44,0.421354259,svm_poly,0,0,0,45,"{'kernel': 'poly', 'C': 10, 'gamma': 0.001, 'degree': 2}",1,1,1,0,0,0,0,0.5
20,0.421354259,svm_poly,0,0,0,21,"{'kernel': 'poly', 'C': 1, 'gamma': 0.0001, 'degree': 2}",1,1,1,0,0,0,0,0.5
21,0.421354259,svm_poly,0,0,0,22,"{'kernel': 'poly', 'C': 1, 'gamma': 0.0001, 'degree': 3}",1,1,1,0,0,0,0,0.5
22,0.421354259,svm_poly,0,0,0,23,"{'kernel': 'poly', 'C': 1, 'gamma': 0.0001, 'degree': 4}",1,1,1,0,0,0,0,0.5
23,0.421354259,svm_poly,0,0,0,24,"{'kernel': 'poly', 'C': 1, 'gamma': 0.0001, 'degree': 5}",1,1,1,0,0,0,0,0.5
24,0.421354259,svm_poly,0,0,0,25,"{'kernel': 'poly', 'C': 1, 'gamma': 0.001, 'degree': 2}",1,1,1,0,0,0,0,0.5
25,0.421354259,svm_poly,0,0,0,26,"{'kernel': 'poly', 'C': 1, 'gamma': 0.001, 'degree': 3}",1,1,1,0,0,0,0,0.5
6,0.421354259,svm_rbf,0,0,0,7,"{'kernel': 'rbf', 'C': 0.1, 'gamma': 3}",1,1,1,0,0,0,0,0.5
27,0.421354259,svm_poly,0,0,0,28,"{'kernel': 'poly', 'C': 1, 'gamma': 0.001, 'degree': 5}",1,1,1,0,0,0,0,0.5
31,0.421354259,svm_poly,0,0,0,32,"{'kernel': 'poly', 'C': 1, 'gamma': 0.01, 'degree': 5}",1,1,1,0,0,0,0,0.5
40,0.421354259,svm_poly,0,0,0,41,"{'kernel': 'poly', 'C': 10, 'gamma': 0.0001, 'degree': 2}",1,1,1,0,0,0,0,0.5
41,0.421354259,svm_poly,0,0,0,42,"{'kernel': 'poly', 'C': 10, 'gamma': 0.0001, 'degree': 3}",1,1,1,0,0,0,0,0.5
42,0.421354259,svm_poly,0,0,0,43,"{'kernel': 'poly', 'C': 10, 'gamma': 0.0001, 'degree': 4}",1,1,1,0,0,0,0,0.5
43,0.421354259,svm_poly,0,0,0,44,"{'kernel': 'poly', 'C': 10, 'gamma': 0.0001, 'degree': 5}",1,1,1,0,0,0,0,0.5
26,0.421354259,svm_poly,0,0,0,27,"{'kernel': 'poly', 'C': 1, 'gamma': 0.001, 'degree': 4}",1,1,1,0,0,0,0,0.5
30,0.418737436,svm_poly,0,0,-0.026215654,31,"{'kernel': 'poly', 'C': 1, 'gamma': 0.01, 'degree': 4}",1,1,1,-0.019276187,0.006222222,0,0.004307692,0.496888889
